id_treatment,id_inoc,id_faeces,starting_date,weight_0dpi,weight_14dpi,water_content_14dpi,ph_14dpi,id_bact,date.x,sample_weight,dilution_ecoli,ecoli_counted,dilution_enterococcus,enterococcus_counted,...9,id_picture,date.y,area_size,macro_description,contamination,comments,collection_date_1,collection_date_2,total-weight,ph,water_content,sample_weight_1,sample_weight_2,sample_weight_3,dilution_factor_ecoli,dilution_factor_enterococcus,e_coli_counted_1,e_coli_counted_2,e_coli_counted_3,enterococcus_counted_1,enterococcus_counted_2,enterococcus_counted_3,species,material,material_2,mass,production_date,forming_date
1,1,1,2025-05-08T00:00:00Z,25.7,NA,x,NA,NA,NA,NA,NA,NA,NA,NA,NA,NA,NA,NA,NA,NA,NA,2025-05-07T00:00:00Z,NA,240,NA,81,0.25,0.46,0.33,10,NA,48,71,66,NA,NA,NA,P. ostreatus v. Floridae,corn cobs,oatbran 10%,NA,NA,NA
2,1,1,2025-05-08T00:00:00Z,27.05,NA,NA,NA,NA,NA,NA,NA,NA,NA,NA,NA,NA,NA,NA,NA,NA,NA,2025-05-07T00:00:00Z,NA,240,NA,81,0.25,0.46,0.33,10,NA,48,71,66,NA,NA,NA,P. ostreatus v. Floridae,corn cobs,oatbran 10%,NA,NA,NA
3,1,1,2025-05-08T00:00:00Z,26.4,NA,NA,NA,NA,NA,NA,NA,NA,NA,NA,NA,NA,NA,NA,NA,NA,NA,2025-05-07T00:00:00Z,NA,240,NA,81,0.25,0.46,0.33,10,NA,48,71,66,NA,NA,NA,P. ostreatus v. Floridae,corn cobs,oatbran 10%,NA,NA,NA
4,2,1,2025-05-08T00:00:00Z,23.95,NA,NA,NA,NA,NA,NA,NA,NA,NA,NA,NA,NA,NA,NA,NA,NA,NA,2025-05-07T00:00:00Z,NA,240,NA,81,0.25,0.46,0.33,10,NA,48,71,66,NA,NA,NA,P. ostreatus v. Floridae,wood chips,oatbran 10%,NA,NA,NA
5,3,1,2025-05-08T00:00:00Z,26.569999999999997,NA,NA,NA,NA,NA,NA,NA,NA,NA,NA,NA,NA,NA,NA,NA,NA,NA,2025-05-07T00:00:00Z,NA,240,NA,81,0.25,0.46,0.33,10,NA,48,71,66,NA,NA,NA,C. comatus,corn cobs,oatbran 10%,NA,NA,NA
6,4,1,2025-05-08T00:00:00Z,26.45,NA,NA,NA,1,2025-05-14T00:00:00Z,0.2500000000000002,100,4,NA,NA,NA,NA,NA,NA,NA,NA,NA,2025-05-07T00:00:00Z,NA,240,NA,81,0.25,0.46,0.33,10,NA,48,71,66,NA,NA,NA,ctrl - inactivated,corn cobs,oatbran 10%,NA,NA,NA
6,4,1,2025-05-08T00:00:00Z,26.45,NA,NA,NA,2,2025-05-14T00:00:00Z,0.23,100,8,NA,NA,NA,NA,NA,NA,NA,NA,NA,2025-05-07T00:00:00Z,NA,240,NA,81,0.25,0.46,0.33,10,NA,48,71,66,NA,NA,NA,ctrl - inactivated,corn cobs,oatbran 10%,NA,NA,NA
6,4,1,2025-05-08T00:00:00Z,26.45,NA,NA,NA,3,2025-05-14T00:00:00Z,0.31999999999999984,100,3,NA,NA,NA,NA,NA,NA,NA,NA,NA,2025-05-07T00:00:00Z,NA,240,NA,81,0.25,0.46,0.33,10,NA,48,71,66,NA,NA,NA,ctrl - inactivated,corn cobs,oatbran 10%,NA,NA,NA
6,4,1,2025-05-08T00:00:00Z,26.45,NA,NA,NA,7,2025-05-19T00:00:00Z,0.15,10,1,NA,NA,NA,NA,NA,NA,NA,NA,NA,2025-05-07T00:00:00Z,NA,240,NA,81,0.25,0.46,0.33,10,NA,48,71,66,NA,NA,NA,ctrl - inactivated,corn cobs,oatbran 10%,NA,NA,NA
6,4,1,2025-05-08T00:00:00Z,26.45,NA,NA,NA,8,2025-05-19T00:00:00Z,0.21,10,6,NA,NA,NA,NA,NA,NA,NA,NA,NA,2025-05-07T00:00:00Z,NA,240,NA,81,0.25,0.46,0.33,10,NA,48,71,66,NA,NA,NA,ctrl - inactivated,corn cobs,oatbran 10%,NA,NA,NA
6,4,1,2025-05-08T00:00:00Z,26.45,NA,NA,NA,9,2025-05-19T00:00:00Z,0.29,10,10,NA,NA,NA,NA,NA,NA,NA,NA,NA,2025-05-07T00:00:00Z,NA,240,NA,81,0.25,0.46,0.33,10,NA,48,71,66,NA,NA,NA,ctrl - inactivated,corn cobs,oatbran 10%,NA,NA,NA
7,4,1,2025-05-08T00:00:00Z,26.17,NA,NA,NA,NA,NA,NA,NA,NA,NA,NA,NA,NA,NA,NA,NA,NA,NA,2025-05-07T00:00:00Z,NA,240,NA,81,0.25,0.46,0.33,10,NA,48,71,66,NA,NA,NA,ctrl - inactivated,corn cobs,oatbran 10%,NA,NA,NA
8,4,1,2025-05-08T00:00:00Z,26.31,NA,NA,NA,NA,NA,NA,NA,NA,NA,NA,NA,NA,NA,NA,NA,NA,NA,2025-05-07T00:00:00Z,NA,240,NA,81,0.25,0.46,0.33,10,NA,48,71,66,NA,NA,NA,ctrl - inactivated,corn cobs,oatbran 10%,NA,NA,NA
9,6,1,2025-05-08T00:00:00Z,26.74,NA,NA,NA,4,2025-05-14T00:00:00Z,0.2200000000000002,100,0,NA,NA,NA,NA,NA,NA,NA,NA,NA,2025-05-07T00:00:00Z,NA,240,NA,81,0.25,0.46,0.33,10,NA,48,71,66,NA,NA,NA,Faecal isolate 1,MEA,none,NA,NA,NA
9,6,1,2025-05-08T00:00:00Z,26.74,NA,NA,NA,5,2025-05-14T00:00:00Z,0.13000000000000012,100,0,NA,NA,NA,NA,NA,NA,NA,NA,NA,2025-05-07T00:00:00Z,NA,240,NA,81,0.25,0.46,0.33,10,NA,48,71,66,NA,NA,NA,Faecal isolate 1,MEA,none,NA,NA,NA
9,6,1,2025-05-08T00:00:00Z,26.74,NA,NA,NA,6,2025-05-14T00:00:00Z,0.15000000000000036,100,0,NA,NA,NA,NA,NA,NA,NA,NA,NA,2025-05-07T00:00:00Z,NA,240,NA,81,0.25,0.46,0.33,10,NA,48,71,66,NA,NA,NA,Faecal isolate 1,MEA,none,NA,NA,NA
9,6,1,2025-05-08T00:00:00Z,26.74,NA,NA,NA,10,2025-05-19T00:00:00Z,0.19,10,1,NA,NA,NA,NA,NA,NA,NA,NA,NA,2025-05-07T00:00:00Z,NA,240,NA,81,0.25,0.46,0.33,10,NA,48,71,66,NA,NA,NA,Faecal isolate 1,MEA,none,NA,NA,NA
9,6,1,2025-05-08T00:00:00Z,26.74,NA,NA,NA,11,2025-05-19T00:00:00Z,0.21,10,0,NA,NA,NA,NA,NA,NA,NA,NA,NA,2025-05-07T00:00:00Z,NA,240,NA,81,0.25,0.46,0.33,10,NA,48,71,66,NA,NA,NA,Faecal isolate 1,MEA,none,NA,NA,NA
9,6,1,2025-05-08T00:00:00Z,26.74,NA,NA,NA,12,2025-05-19T00:00:00Z,0.16,10,2,NA,NA,NA,NA,NA,NA,NA,NA,NA,2025-05-07T00:00:00Z,NA,240,NA,81,0.25,0.46,0.33,10,NA,48,71,66,NA,NA,NA,Faecal isolate 1,MEA,none,NA,NA,NA
10,7,2,2025-07-09T00:00:00Z,20.92,NA,NA,NA,13,2025-07-22T00:00:00Z,0.71,1000000,94,NA,NA,NA,7,2025-07-09T00:00:00Z,0.64,NA,NA,NA,2025-07-08T00:00:00Z,NA,283,NA,77,0.66,1.15,0.69,50000,NA,109,145,100,NA,NA,NA,Faecal isolate 1,MEA,none,NA,NA,NA
10,7,2,2025-07-09T00:00:00Z,20.92,NA,NA,NA,13,2025-07-22T00:00:00Z,0.71,1000000,94,NA,NA,NA,8,2025-07-16T00:00:00Z,16.402,NA,NA,NA,2025-07-08T00:00:00Z,NA,283,NA,77,0.66,1.15,0.69,50000,NA,109,145,100,NA,NA,NA,Faecal isolate 1,MEA,none,NA,NA,NA
10,7,2,2025-07-09T00:00:00Z,20.92,NA,NA,NA,13,2025-07-22T00:00:00Z,0.71,1000000,94,NA,NA,NA,9,2025-07-23T00:00:00Z,21.902,NA,NA,NA,2025-07-08T00:00:00Z,NA,283,NA,77,0.66,1.15,0.69,50000,NA,109,145,100,NA,NA,NA,Faecal isolate 1,MEA,none,NA,NA,NA
11,7,2,2025-07-09T00:00:00Z,21.47,NA,NA,NA,14,2025-07-22T00:00:00Z,0.62,2000000,75,NA,NA,NA,1,2025-07-09T00:00:00Z,0.634,NA,NA,NA,2025-07-08T00:00:00Z,NA,283,NA,77,0.66,1.15,0.69,50000,NA,109,145,100,NA,NA,NA,Faecal isolate 1,MEA,none,NA,NA,NA
11,7,2,2025-07-09T00:00:00Z,21.47,NA,NA,NA,14,2025-07-22T00:00:00Z,0.62,2000000,75,NA,NA,NA,2,2025-07-16T00:00:00Z,16.04,NA,NA,NA,2025-07-08T00:00:00Z,NA,283,NA,77,0.66,1.15,0.69,50000,NA,109,145,100,NA,NA,NA,Faecal isolate 1,MEA,none,NA,NA,NA
11,7,2,2025-07-09T00:00:00Z,21.47,NA,NA,NA,14,2025-07-22T00:00:00Z,0.62,2000000,75,NA,NA,NA,3,2025-07-23T00:00:00Z,20.912,NA,NA,NA,2025-07-08T00:00:00Z,NA,283,NA,77,0.66,1.15,0.69,50000,NA,109,145,100,NA,NA,NA,Faecal isolate 1,MEA,none,NA,NA,NA
12,7,2,2025-07-09T00:00:00Z,21.85,NA,NA,NA,15,2025-07-22T00:00:00Z,0.85,1000000,91,NA,NA,NA,4,2025-07-09T00:00:00Z,0.633,NA,NA,NA,2025-07-08T00:00:00Z,NA,283,NA,77,0.66,1.15,0.69,50000,NA,109,145,100,NA,NA,NA,Faecal isolate 1,MEA,none,NA,NA,NA
12,7,2,2025-07-09T00:00:00Z,21.85,NA,NA,NA,15,2025-07-22T00:00:00Z,0.85,1000000,91,NA,NA,NA,5,2025-07-16T00:00:00Z,13,NA,NA,NA,2025-07-08T00:00:00Z,NA,283,NA,77,0.66,1.15,0.69,50000,NA,109,145,100,NA,NA,NA,Faecal isolate 1,MEA,none,NA,NA,NA
12,7,2,2025-07-09T00:00:00Z,21.85,NA,NA,NA,15,2025-07-22T00:00:00Z,0.85,1000000,91,NA,NA,NA,6,2025-07-23T00:00:00Z,17.2,NA,NA,NA,2025-07-08T00:00:00Z,NA,283,NA,77,0.66,1.15,0.69,50000,NA,109,145,100,NA,NA,NA,Faecal isolate 1,MEA,none,NA,NA,NA
13,8,2,2025-07-09T00:00:00Z,20.139999999999997,NA,NA,NA,16,2025-07-22T00:00:00Z,0.54,100000,39,NA,NA,NA,10,2025-07-09T00:00:00Z,0.695,NA,NA,NA,2025-07-08T00:00:00Z,NA,283,NA,77,0.66,1.15,0.69,50000,NA,109,145,100,NA,NA,NA,Mucor spp I3,MEA,none,NA,NA,NA
13,8,2,2025-07-09T00:00:00Z,20.139999999999997,NA,NA,NA,16,2025-07-22T00:00:00Z,0.54,100000,39,NA,NA,NA,11,2025-07-16T00:00:00Z,36.566,NA,NA,NA,2025-07-08T00:00:00Z,NA,283,NA,77,0.66,1.15,0.69,50000,NA,109,145,100,NA,NA,NA,Mucor spp I3,MEA,none,NA,NA,NA
13,8,2,2025-07-09T00:00:00Z,20.139999999999997,NA,NA,NA,16,2025-07-22T00:00:00Z,0.54,100000,39,NA,NA,NA,12,2025-07-23T00:00:00Z,47.514,NA,NA,NA,2025-07-08T00:00:00Z,NA,283,NA,77,0.66,1.15,0.69,50000,NA,109,145,100,NA,NA,NA,Mucor spp I3,MEA,none,NA,NA,NA
14,8,2,2025-07-09T00:00:00Z,20.95,NA,NA,NA,17,2025-07-22T00:00:00Z,1.08,100000,170,NA,NA,185185185.18518516,13,2025-07-09T00:00:00Z,0.641,NA,NA,NA,2025-07-08T00:00:00Z,NA,283,NA,77,0.66,1.15,0.69,50000,NA,109,145,100,NA,NA,NA,Mucor spp I3,MEA,none,NA,NA,NA
14,8,2,2025-07-09T00:00:00Z,20.95,NA,NA,NA,17,2025-07-22T00:00:00Z,1.08,100000,170,NA,NA,185185185.18518516,14,2025-07-16T00:00:00Z,48.35,NA,NA,NA,2025-07-08T00:00:00Z,NA,283,NA,77,0.66,1.15,0.69,50000,NA,109,145,100,NA,NA,NA,Mucor spp I3,MEA,none,NA,NA,NA
14,8,2,2025-07-09T00:00:00Z,20.95,NA,NA,NA,17,2025-07-22T00:00:00Z,1.08,100000,170,NA,NA,185185185.18518516,15,2025-07-23T00:00:00Z,52.25,NA,NA,NA,2025-07-08T00:00:00Z,NA,283,NA,77,0.66,1.15,0.69,50000,NA,109,145,100,NA,NA,NA,Mucor spp I3,MEA,none,NA,NA,NA
15,8,2,2025-07-09T00:00:00Z,21.59,NA,NA,NA,18,2025-07-22T00:00:00Z,0.98,1000000,75,NA,NA,NA,16,2025-07-09T00:00:00Z,0.642,NA,NA,NA,2025-07-08T00:00:00Z,NA,283,NA,77,0.66,1.15,0.69,50000,NA,109,145,100,NA,NA,NA,Mucor spp I3,MEA,none,NA,NA,NA
15,8,2,2025-07-09T00:00:00Z,21.59,NA,NA,NA,18,2025-07-22T00:00:00Z,0.98,1000000,75,NA,NA,NA,17,2025-07-16T00:00:00Z,39.99,NA,NA,NA,2025-07-08T00:00:00Z,NA,283,NA,77,0.66,1.15,0.69,50000,NA,109,145,100,NA,NA,NA,Mucor spp I3,MEA,none,NA,NA,NA
15,8,2,2025-07-09T00:00:00Z,21.59,NA,NA,NA,18,2025-07-22T00:00:00Z,0.98,1000000,75,NA,NA,NA,18,2025-07-23T00:00:00Z,45.52,NA,NA,NA,2025-07-08T00:00:00Z,NA,283,NA,77,0.66,1.15,0.69,50000,NA,109,145,100,NA,NA,NA,Mucor spp I3,MEA,none,NA,NA,NA
16,9,2,2025-07-09T00:00:00Z,21.790000000000003,NA,NA,NA,19,2025-07-22T00:00:00Z,1.08,5000,16,NA,NA,74074.07407407407,19,2025-07-09T00:00:00Z,0.653,NA,NA,NA,2025-07-08T00:00:00Z,NA,283,NA,77,0.66,1.15,0.69,50000,NA,109,145,100,NA,NA,NA,ctrl agar without,MEA,none,NA,NA,NA
16,9,2,2025-07-09T00:00:00Z,21.790000000000003,NA,NA,NA,19,2025-07-22T00:00:00Z,1.08,5000,16,NA,NA,74074.07407407407,20,2025-07-16T00:00:00Z,0.653,NA,NA,NA,2025-07-08T00:00:00Z,NA,283,NA,77,0.66,1.15,0.69,50000,NA,109,145,100,NA,NA,NA,ctrl agar without,MEA,none,NA,NA,NA
16,9,2,2025-07-09T00:00:00Z,21.790000000000003,NA,NA,NA,19,2025-07-22T00:00:00Z,1.08,5000,16,NA,NA,74074.07407407407,21,2025-07-23T00:00:00Z,0.653,NA,NA,NA,2025-07-08T00:00:00Z,NA,283,NA,77,0.66,1.15,0.69,50000,NA,109,145,100,NA,NA,NA,ctrl agar without,MEA,none,NA,NA,NA
17,9,2,2025-07-09T00:00:00Z,21.02,NA,NA,NA,20,2025-07-22T00:00:00Z,1.45,5000,0,NA,NA,NA,22,2025-07-09T00:00:00Z,0.7,NA,NA,NA,2025-07-08T00:00:00Z,NA,283,NA,77,0.66,1.15,0.69,50000,NA,109,145,100,NA,NA,NA,ctrl agar without,MEA,none,NA,NA,NA
17,9,2,2025-07-09T00:00:00Z,21.02,NA,NA,NA,20,2025-07-22T00:00:00Z,1.45,5000,0,NA,NA,NA,23,2025-07-16T00:00:00Z,0.7,NA,NA,NA,2025-07-08T00:00:00Z,NA,283,NA,77,0.66,1.15,0.69,50000,NA,109,145,100,NA,NA,NA,ctrl agar without,MEA,none,NA,NA,NA
17,9,2,2025-07-09T00:00:00Z,21.02,NA,NA,NA,20,2025-07-22T00:00:00Z,1.45,5000,0,NA,NA,NA,24,2025-07-23T00:00:00Z,0.7,NA,NA,NA,2025-07-08T00:00:00Z,NA,283,NA,77,0.66,1.15,0.69,50000,NA,109,145,100,NA,NA,NA,ctrl agar without,MEA,none,NA,NA,NA
18,9,2,2025-07-09T00:00:00Z,22.209999999999997,NA,NA,NA,21,2025-07-22T00:00:00Z,1.38,50,21,NA,NA,NA,25,2025-07-09T00:00:00Z,0.711,NA,NA,NA,2025-07-08T00:00:00Z,NA,283,NA,77,0.66,1.15,0.69,50000,NA,109,145,100,NA,NA,NA,ctrl agar without,MEA,none,NA,NA,NA
18,9,2,2025-07-09T00:00:00Z,22.209999999999997,NA,NA,NA,21,2025-07-22T00:00:00Z,1.38,50,21,NA,NA,NA,26,2025-07-16T00:00:00Z,0.711,NA,NA,NA,2025-07-08T00:00:00Z,NA,283,NA,77,0.66,1.15,0.69,50000,NA,109,145,100,NA,NA,NA,ctrl agar without,MEA,none,NA,NA,NA
18,9,2,2025-07-09T00:00:00Z,22.209999999999997,NA,NA,NA,21,2025-07-22T00:00:00Z,1.38,50,21,NA,NA,NA,27,2025-07-23T00:00:00Z,0.711,NA,NA,NA,2025-07-08T00:00:00Z,NA,283,NA,77,0.66,1.15,0.69,50000,NA,109,145,100,NA,NA,NA,ctrl agar without,MEA,none,NA,NA,NA
19,10,3,2025-07-10T00:00:00Z,22.209999999999997,NA,NA,NA,22,2025-07-23T00:00:00Z,0.57,2000000,85,NA,NA,NA,28,2025-07-10T00:00:00Z,0.653,NA,NA,NA,2025-07-09T00:00:00Z,NA,308,NA,84,0.68,0.75,0.74,50000,NA,187,191,200,NA,NA,NA,Faecal isolate 1,MEA,none,NA,NA,NA
19,10,3,2025-07-10T00:00:00Z,22.209999999999997,NA,NA,NA,22,2025-07-23T00:00:00Z,0.57,2000000,85,NA,NA,NA,29,2025-07-17T00:00:00Z,23.688,NA,NA,NA,2025-07-09T00:00:00Z,NA,308,NA,84,0.68,0.75,0.74,50000,NA,187,191,200,NA,NA,NA,Faecal isolate 1,MEA,none,NA,NA,NA
19,10,3,2025-07-10T00:00:00Z,22.209999999999997,NA,NA,NA,22,2025-07-23T00:00:00Z,0.57,2000000,85,NA,NA,NA,30,2025-07-24T00:00:00Z,42.45,NA,NA,NA,2025-07-09T00:00:00Z,NA,308,NA,84,0.68,0.75,0.74,50000,NA,187,191,200,NA,NA,NA,Faecal isolate 1,MEA,none,NA,NA,NA
20,10,3,2025-07-10T00:00:00Z,21.709999999999997,NA,NA,NA,23,2025-07-23T00:00:00Z,1.14,2000000,48,NA,NA,NA,31,2025-07-10T00:00:00Z,0.691,NA,NA,NA,2025-07-09T00:00:00Z,NA,308,NA,84,0.68,0.75,0.74,50000,NA,187,191,200,NA,NA,NA,Faecal isolate 1,MEA,none,NA,NA,NA
20,10,3,2025-07-10T00:00:00Z,21.709999999999997,NA,NA,NA,23,2025-07-23T00:00:00Z,1.14,2000000,48,NA,NA,NA,32,2025-07-17T00:00:00Z,22.323,NA,NA,NA,2025-07-09T00:00:00Z,NA,308,NA,84,0.68,0.75,0.74,50000,NA,187,191,200,NA,NA,NA,Faecal isolate 1,MEA,none,NA,NA,NA
20,10,3,2025-07-10T00:00:00Z,21.709999999999997,NA,NA,NA,23,2025-07-23T00:00:00Z,1.14,2000000,48,NA,NA,NA,33,2025-07-24T00:00:00Z,43.969,NA,NA,NA,2025-07-09T00:00:00Z,NA,308,NA,84,0.68,0.75,0.74,50000,NA,187,191,200,NA,NA,NA,Faecal isolate 1,MEA,none,NA,NA,NA
21,10,3,2025-07-10T00:00:00Z,21.94,NA,NA,NA,24,2025-07-23T00:00:00Z,0.91,2000000,73,NA,NA,NA,34,2025-07-10T00:00:00Z,0.821,NA,NA,NA,2025-07-09T00:00:00Z,NA,308,NA,84,0.68,0.75,0.74,50000,NA,187,191,200,NA,NA,NA,Faecal isolate 1,MEA,none,NA,NA,NA
21,10,3,2025-07-10T00:00:00Z,21.94,NA,NA,NA,24,2025-07-23T00:00:00Z,0.91,2000000,73,NA,NA,NA,35,2025-07-17T00:00:00Z,24.723,NA,NA,NA,2025-07-09T00:00:00Z,NA,308,NA,84,0.68,0.75,0.74,50000,NA,187,191,200,NA,NA,NA,Faecal isolate 1,MEA,none,NA,NA,NA
21,10,3,2025-07-10T00:00:00Z,21.94,NA,NA,NA,24,2025-07-23T00:00:00Z,0.91,2000000,73,NA,NA,NA,36,2025-07-24T00:00:00Z,43.687,NA,NA,NA,2025-07-09T00:00:00Z,NA,308,NA,84,0.68,0.75,0.74,50000,NA,187,191,200,NA,NA,NA,Faecal isolate 1,MEA,none,NA,NA,NA
22,11,3,2025-07-10T00:00:00Z,21.74,NA,NA,NA,25,2025-07-23T00:00:00Z,1.07,2000000,72,NA,NA,NA,37,2025-07-10T00:00:00Z,0.745,NA,NA,NA,2025-07-09T00:00:00Z,NA,308,NA,84,0.68,0.75,0.74,50000,NA,187,191,200,NA,NA,NA,Mucor spp I3,MEA,none,NA,NA,NA
22,11,3,2025-07-10T00:00:00Z,21.74,NA,NA,NA,25,2025-07-23T00:00:00Z,1.07,2000000,72,NA,NA,NA,38,2025-07-17T00:00:00Z,29.194,NA,NA,NA,2025-07-09T00:00:00Z,NA,308,NA,84,0.68,0.75,0.74,50000,NA,187,191,200,NA,NA,NA,Mucor spp I3,MEA,none,NA,NA,NA
22,11,3,2025-07-10T00:00:00Z,21.74,NA,NA,NA,25,2025-07-23T00:00:00Z,1.07,2000000,72,NA,NA,NA,39,2025-07-24T00:00:00Z,59.747,NA,NA,NA,2025-07-09T00:00:00Z,NA,308,NA,84,0.68,0.75,0.74,50000,NA,187,191,200,NA,NA,NA,Mucor spp I3,MEA,none,NA,NA,NA
23,11,3,2025-07-10T00:00:00Z,21.05,NA,NA,NA,26,2025-07-23T00:00:00Z,0.94,2000000,104,NA,NA,NA,40,2025-07-10T00:00:00Z,0.648,NA,NA,NA,2025-07-09T00:00:00Z,NA,308,NA,84,0.68,0.75,0.74,50000,NA,187,191,200,NA,NA,NA,Mucor spp I3,MEA,none,NA,NA,NA
23,11,3,2025-07-10T00:00:00Z,21.05,NA,NA,NA,26,2025-07-23T00:00:00Z,0.94,2000000,104,NA,NA,NA,41,2025-07-17T00:00:00Z,33.704,NA,NA,NA,2025-07-09T00:00:00Z,NA,308,NA,84,0.68,0.75,0.74,50000,NA,187,191,200,NA,NA,NA,Mucor spp I3,MEA,none,NA,NA,NA
23,11,3,2025-07-10T00:00:00Z,21.05,NA,NA,NA,26,2025-07-23T00:00:00Z,0.94,2000000,104,NA,NA,NA,42,2025-07-24T00:00:00Z,60.544,NA,NA,NA,2025-07-09T00:00:00Z,NA,308,NA,84,0.68,0.75,0.74,50000,NA,187,191,200,NA,NA,NA,Mucor spp I3,MEA,none,NA,NA,NA
24,11,3,2025-07-10T00:00:00Z,21.55,NA,NA,NA,27,2025-07-23T00:00:00Z,1.06,2000000,106,NA,NA,NA,43,2025-07-10T00:00:00Z,0.755,NA,NA,NA,2025-07-09T00:00:00Z,NA,308,NA,84,0.68,0.75,0.74,50000,NA,187,191,200,NA,NA,NA,Mucor spp I3,MEA,none,NA,NA,NA
24,11,3,2025-07-10T00:00:00Z,21.55,NA,NA,NA,27,2025-07-23T00:00:00Z,1.06,2000000,106,NA,NA,NA,44,2025-07-17T00:00:00Z,30.47,NA,NA,NA,2025-07-09T00:00:00Z,NA,308,NA,84,0.68,0.75,0.74,50000,NA,187,191,200,NA,NA,NA,Mucor spp I3,MEA,none,NA,NA,NA
24,11,3,2025-07-10T00:00:00Z,21.55,NA,NA,NA,27,2025-07-23T00:00:00Z,1.06,2000000,106,NA,NA,NA,45,2025-07-24T00:00:00Z,59.38,NA,NA,NA,2025-07-09T00:00:00Z,NA,308,NA,84,0.68,0.75,0.74,50000,NA,187,191,200,NA,NA,NA,Mucor spp I3,MEA,none,NA,NA,NA
25,12,3,2025-07-10T00:00:00Z,20.47,NA,NA,NA,NA,NA,NA,NA,NA,NA,NA,NA,46,2025-07-10T00:00:00Z,0.787,NA,NA,NA,2025-07-09T00:00:00Z,NA,308,NA,84,0.68,0.75,0.74,50000,NA,187,191,200,NA,NA,NA,Trichoderma koningiopsis,MEA,none,NA,NA,NA
25,12,3,2025-07-10T00:00:00Z,20.47,NA,NA,NA,NA,NA,NA,NA,NA,NA,NA,NA,47,2025-07-17T00:00:00Z,0.787,NA,NA,NA,2025-07-09T00:00:00Z,NA,308,NA,84,0.68,0.75,0.74,50000,NA,187,191,200,NA,NA,NA,Trichoderma koningiopsis,MEA,none,NA,NA,NA
25,12,3,2025-07-10T00:00:00Z,20.47,NA,NA,NA,NA,NA,NA,NA,NA,NA,NA,NA,48,2025-07-24T00:00:00Z,0.787,NA,NA,NA,2025-07-09T00:00:00Z,NA,308,NA,84,0.68,0.75,0.74,50000,NA,187,191,200,NA,NA,NA,Trichoderma koningiopsis,MEA,none,NA,NA,NA
26,12,3,2025-07-10T00:00:00Z,21.429999999999996,NA,NA,NA,NA,NA,NA,NA,NA,NA,NA,NA,49,2025-07-10T00:00:00Z,0.655,NA,NA,NA,2025-07-09T00:00:00Z,NA,308,NA,84,0.68,0.75,0.74,50000,NA,187,191,200,NA,NA,NA,Trichoderma koningiopsis,MEA,none,NA,NA,NA
26,12,3,2025-07-10T00:00:00Z,21.429999999999996,NA,NA,NA,NA,NA,NA,NA,NA,NA,NA,NA,50,2025-07-17T00:00:00Z,0.655,NA,NA,NA,2025-07-09T00:00:00Z,NA,308,NA,84,0.68,0.75,0.74,50000,NA,187,191,200,NA,NA,NA,Trichoderma koningiopsis,MEA,none,NA,NA,NA
26,12,3,2025-07-10T00:00:00Z,21.429999999999996,NA,NA,NA,NA,NA,NA,NA,NA,NA,NA,NA,51,2025-07-24T00:00:00Z,0.655,NA,NA,NA,2025-07-09T00:00:00Z,NA,308,NA,84,0.68,0.75,0.74,50000,NA,187,191,200,NA,NA,NA,Trichoderma koningiopsis,MEA,none,NA,NA,NA
27,12,3,2025-07-10T00:00:00Z,21.22,NA,NA,NA,NA,NA,NA,NA,NA,NA,NA,NA,52,2025-07-10T00:00:00Z,0.675,NA,NA,NA,2025-07-09T00:00:00Z,NA,308,NA,84,0.68,0.75,0.74,50000,NA,187,191,200,NA,NA,NA,Trichoderma koningiopsis,MEA,none,NA,NA,NA
27,12,3,2025-07-10T00:00:00Z,21.22,NA,NA,NA,NA,NA,NA,NA,NA,NA,NA,NA,53,2025-07-17T00:00:00Z,0.675,NA,NA,NA,2025-07-09T00:00:00Z,NA,308,NA,84,0.68,0.75,0.74,50000,NA,187,191,200,NA,NA,NA,Trichoderma koningiopsis,MEA,none,NA,NA,NA
27,12,3,2025-07-10T00:00:00Z,21.22,NA,NA,NA,NA,NA,NA,NA,NA,NA,NA,NA,54,2025-07-24T00:00:00Z,0.675,NA,NA,NA,2025-07-09T00:00:00Z,NA,308,NA,84,0.68,0.75,0.74,50000,NA,187,191,200,NA,NA,NA,Trichoderma koningiopsis,MEA,none,NA,NA,NA
28,12,3,2025-07-10T00:00:00Z,21.999999999999996,NA,NA,NA,NA,NA,NA,NA,NA,NA,NA,NA,55,2025-07-10T00:00:00Z,0.669,NA,NA,NA,2025-07-09T00:00:00Z,NA,308,NA,84,0.68,0.75,0.74,50000,NA,187,191,200,NA,NA,NA,Trichoderma koningiopsis,MEA,none,NA,NA,NA
28,12,3,2025-07-10T00:00:00Z,21.999999999999996,NA,NA,NA,NA,NA,NA,NA,NA,NA,NA,NA,56,2025-07-17T00:00:00Z,0.669,NA,NA,NA,2025-07-09T00:00:00Z,NA,308,NA,84,0.68,0.75,0.74,50000,NA,187,191,200,NA,NA,NA,Trichoderma koningiopsis,MEA,none,NA,NA,NA
28,12,3,2025-07-10T00:00:00Z,21.999999999999996,NA,NA,NA,NA,NA,NA,NA,NA,NA,NA,NA,57,2025-07-24T00:00:00Z,0.669,NA,NA,NA,2025-07-09T00:00:00Z,NA,308,NA,84,0.68,0.75,0.74,50000,NA,187,191,200,NA,NA,NA,Trichoderma koningiopsis,MEA,none,NA,NA,NA
29,13,3,2025-07-10T00:00:00Z,21.179999999999996,NA,NA,NA,28,2025-07-23T00:00:00Z,1.35,50,0,NA,NA,NA,58,2025-07-10T00:00:00Z,0.704,NA,NA,NA,2025-07-09T00:00:00Z,NA,308,NA,84,0.68,0.75,0.74,50000,NA,187,191,200,NA,NA,NA,ctrl agar without,MEA,none,NA,NA,NA
29,13,3,2025-07-10T00:00:00Z,21.179999999999996,NA,NA,NA,28,2025-07-23T00:00:00Z,1.35,50,0,NA,NA,NA,59,2025-07-17T00:00:00Z,0.704,NA,NA,NA,2025-07-09T00:00:00Z,NA,308,NA,84,0.68,0.75,0.74,50000,NA,187,191,200,NA,NA,NA,ctrl agar without,MEA,none,NA,NA,NA
29,13,3,2025-07-10T00:00:00Z,21.179999999999996,NA,NA,NA,28,2025-07-23T00:00:00Z,1.35,50,0,NA,NA,NA,60,2025-07-24T00:00:00Z,0.704,NA,NA,NA,2025-07-09T00:00:00Z,NA,308,NA,84,0.68,0.75,0.74,50000,NA,187,191,200,NA,NA,NA,ctrl agar without,MEA,none,NA,NA,NA
30,13,3,2025-07-10T00:00:00Z,23.02,NA,NA,NA,29,2025-07-23T00:00:00Z,1.05,50,0,NA,NA,NA,61,2025-07-10T00:00:00Z,0.646,NA,NA,NA,2025-07-09T00:00:00Z,NA,308,NA,84,0.68,0.75,0.74,50000,NA,187,191,200,NA,NA,NA,ctrl agar without,MEA,none,NA,NA,NA
30,13,3,2025-07-10T00:00:00Z,23.02,NA,NA,NA,29,2025-07-23T00:00:00Z,1.05,50,0,NA,NA,NA,62,2025-07-17T00:00:00Z,0.646,NA,NA,NA,2025-07-09T00:00:00Z,NA,308,NA,84,0.68,0.75,0.74,50000,NA,187,191,200,NA,NA,NA,ctrl agar without,MEA,none,NA,NA,NA
30,13,3,2025-07-10T00:00:00Z,23.02,NA,NA,NA,29,2025-07-23T00:00:00Z,1.05,50,0,NA,NA,NA,63,2025-07-24T00:00:00Z,0.646,NA,NA,NA,2025-07-09T00:00:00Z,NA,308,NA,84,0.68,0.75,0.74,50000,NA,187,191,200,NA,NA,NA,ctrl agar without,MEA,none,NA,NA,NA
31,13,3,2025-07-10T00:00:00Z,22.639999999999997,NA,NA,NA,30,2025-07-23T00:00:00Z,1.23,50,0,NA,NA,NA,64,2025-07-10T00:00:00Z,0.83,NA,NA,NA,2025-07-09T00:00:00Z,NA,308,NA,84,0.68,0.75,0.74,50000,NA,187,191,200,NA,NA,NA,ctrl agar without,MEA,none,NA,NA,NA
31,13,3,2025-07-10T00:00:00Z,22.639999999999997,NA,NA,NA,30,2025-07-23T00:00:00Z,1.23,50,0,NA,NA,NA,65,2025-07-17T00:00:00Z,0.83,NA,NA,NA,2025-07-09T00:00:00Z,NA,308,NA,84,0.68,0.75,0.74,50000,NA,187,191,200,NA,NA,NA,ctrl agar without,MEA,none,NA,NA,NA
31,13,3,2025-07-10T00:00:00Z,22.639999999999997,NA,NA,NA,30,2025-07-23T00:00:00Z,1.23,50,0,NA,NA,NA,66,2025-07-24T00:00:00Z,0.83,NA,NA,NA,2025-07-09T00:00:00Z,NA,308,NA,84,0.68,0.75,0.74,50000,NA,187,191,200,NA,NA,NA,ctrl agar without,MEA,none,NA,NA,NA
32,14,4,2025-07-15T00:00:00Z,20.3,NA,NA,NA,NA,NA,NA,NA,NA,NA,NA,NA,67,2025-07-15T00:00:00Z,0.644,none,none,NA,2025-07-15T00:00:00Z,NA,250,NA,87,0.67,0.57,0.95,50000,NA,57,48,102,NA,NA,NA,Faecal isolate 1,MEA,none,NA,NA,NA
32,14,4,2025-07-15T00:00:00Z,20.3,NA,NA,NA,NA,NA,NA,NA,NA,NA,NA,NA,68,2025-07-22T00:00:00Z,6.874,mycelium-slime,strong,NA,2025-07-15T00:00:00Z,NA,250,NA,87,0.67,0.57,0.95,50000,NA,57,48,102,NA,NA,NA,Faecal isolate 1,MEA,none,NA,NA,NA
32,14,4,2025-07-15T00:00:00Z,20.3,NA,NA,NA,NA,NA,NA,NA,NA,NA,NA,NA,69,2025-07-29T00:00:00Z,9.803,slime,strong,NA,2025-07-15T00:00:00Z,NA,250,NA,87,0.67,0.57,0.95,50000,NA,57,48,102,NA,NA,NA,Faecal isolate 1,MEA,none,NA,NA,NA
33,14,4,2025-07-15T00:00:00Z,21.22,NA,NA,NA,NA,NA,NA,NA,NA,NA,NA,NA,70,2025-07-15T00:00:00Z,0.653,none,none,NA,2025-07-15T00:00:00Z,NA,250,NA,87,0.67,0.57,0.95,50000,NA,57,48,102,NA,NA,NA,Faecal isolate 1,MEA,none,NA,NA,NA
33,14,4,2025-07-15T00:00:00Z,21.22,NA,NA,NA,NA,NA,NA,NA,NA,NA,NA,NA,71,2025-07-22T00:00:00Z,7.317,mycelium-slime,strong,NA,2025-07-15T00:00:00Z,NA,250,NA,87,0.67,0.57,0.95,50000,NA,57,48,102,NA,NA,NA,Faecal isolate 1,MEA,none,NA,NA,NA
33,14,4,2025-07-15T00:00:00Z,21.22,NA,NA,NA,NA,NA,NA,NA,NA,NA,NA,NA,72,2025-07-29T00:00:00Z,10.522,slime,strong,NA,2025-07-15T00:00:00Z,NA,250,NA,87,0.67,0.57,0.95,50000,NA,57,48,102,NA,NA,NA,Faecal isolate 1,MEA,none,NA,NA,NA
34,14,4,2025-07-15T00:00:00Z,22.01,NA,NA,NA,NA,NA,NA,NA,NA,NA,NA,NA,73,2025-07-15T00:00:00Z,0.627,none,none,NA,2025-07-15T00:00:00Z,NA,250,NA,87,0.67,0.57,0.95,50000,NA,57,48,102,NA,NA,NA,Faecal isolate 1,MEA,none,NA,NA,NA
34,14,4,2025-07-15T00:00:00Z,22.01,NA,NA,NA,NA,NA,NA,NA,NA,NA,NA,NA,74,2025-07-22T00:00:00Z,3.645,mycelium-slime,strong,NA,2025-07-15T00:00:00Z,NA,250,NA,87,0.67,0.57,0.95,50000,NA,57,48,102,NA,NA,NA,Faecal isolate 1,MEA,none,NA,NA,NA
34,14,4,2025-07-15T00:00:00Z,22.01,NA,NA,NA,NA,NA,NA,NA,NA,NA,NA,NA,75,2025-07-29T00:00:00Z,4.833,slime,strong,NA,2025-07-15T00:00:00Z,NA,250,NA,87,0.67,0.57,0.95,50000,NA,57,48,102,NA,NA,NA,Faecal isolate 1,MEA,none,NA,NA,NA
35,15,4,2025-07-15T00:00:00Z,21.22,NA,NA,NA,NA,NA,NA,NA,NA,NA,NA,NA,76,2025-07-15T00:00:00Z,0.77,none,none,NA,2025-07-15T00:00:00Z,NA,250,NA,87,0.67,0.57,0.95,50000,NA,57,48,102,NA,NA,NA,Mucor spp I3,MEA,none,NA,NA,NA
35,15,4,2025-07-15T00:00:00Z,21.22,NA,NA,NA,NA,NA,NA,NA,NA,NA,NA,NA,77,2025-07-22T00:00:00Z,13.64,mycelium-slime,strong,NA,2025-07-15T00:00:00Z,NA,250,NA,87,0.67,0.57,0.95,50000,NA,57,48,102,NA,NA,NA,Mucor spp I3,MEA,none,NA,NA,NA
35,15,4,2025-07-15T00:00:00Z,21.22,NA,NA,NA,NA,NA,NA,NA,NA,NA,NA,NA,78,2025-07-29T00:00:00Z,13.826,slime,strong,NA,2025-07-15T00:00:00Z,NA,250,NA,87,0.67,0.57,0.95,50000,NA,57,48,102,NA,NA,NA,Mucor spp I3,MEA,none,NA,NA,NA
36,15,4,2025-07-15T00:00:00Z,21.86,NA,NA,NA,NA,NA,NA,NA,NA,NA,NA,NA,79,2025-07-15T00:00:00Z,0.508,none,none,NA,2025-07-15T00:00:00Z,NA,250,NA,87,0.67,0.57,0.95,50000,NA,57,48,102,NA,NA,NA,Mucor spp I3,MEA,none,NA,NA,NA
36,15,4,2025-07-15T00:00:00Z,21.86,NA,NA,NA,NA,NA,NA,NA,NA,NA,NA,NA,80,2025-07-22T00:00:00Z,9.279,mycelium-slime,strong,NA,2025-07-15T00:00:00Z,NA,250,NA,87,0.67,0.57,0.95,50000,NA,57,48,102,NA,NA,NA,Mucor spp I3,MEA,none,NA,NA,NA
36,15,4,2025-07-15T00:00:00Z,21.86,NA,NA,NA,NA,NA,NA,NA,NA,NA,NA,NA,81,2025-07-29T00:00:00Z,12.142,slime,strong,NA,2025-07-15T00:00:00Z,NA,250,NA,87,0.67,0.57,0.95,50000,NA,57,48,102,NA,NA,NA,Mucor spp I3,MEA,none,NA,NA,NA
37,15,4,2025-07-15T00:00:00Z,21.57,NA,NA,NA,NA,NA,NA,NA,NA,NA,NA,NA,82,2025-07-15T00:00:00Z,0.59,none,none,NA,2025-07-15T00:00:00Z,NA,250,NA,87,0.67,0.57,0.95,50000,NA,57,48,102,NA,NA,NA,Mucor spp I3,MEA,none,NA,NA,NA
37,15,4,2025-07-15T00:00:00Z,21.57,NA,NA,NA,NA,NA,NA,NA,NA,NA,NA,NA,83,2025-07-22T00:00:00Z,1.541,mycelium-slime,strong,NA,2025-07-15T00:00:00Z,NA,250,NA,87,0.67,0.57,0.95,50000,NA,57,48,102,NA,NA,NA,Mucor spp I3,MEA,none,NA,NA,NA
37,15,4,2025-07-15T00:00:00Z,21.57,NA,NA,NA,NA,NA,NA,NA,NA,NA,NA,NA,84,2025-07-29T00:00:00Z,1.494,slime-slime,strong,NA,2025-07-15T00:00:00Z,NA,250,NA,87,0.67,0.57,0.95,50000,NA,57,48,102,NA,NA,NA,Mucor spp I3,MEA,none,NA,NA,NA
38,16,4,2025-07-15T00:00:00Z,21.61,NA,NA,NA,NA,NA,NA,NA,NA,NA,NA,NA,85,2025-07-15T00:00:00Z,0.512,none,none,NA,2025-07-15T00:00:00Z,NA,250,NA,87,0.67,0.57,0.95,50000,NA,57,48,102,NA,NA,NA,ctrl agar without,MEA,none,NA,NA,NA
38,16,4,2025-07-15T00:00:00Z,21.61,NA,NA,NA,NA,NA,NA,NA,NA,NA,NA,NA,86,2025-07-22T00:00:00Z,0.512,none,strong,NA,2025-07-15T00:00:00Z,NA,250,NA,87,0.67,0.57,0.95,50000,NA,57,48,102,NA,NA,NA,ctrl agar without,MEA,none,NA,NA,NA
38,16,4,2025-07-15T00:00:00Z,21.61,NA,NA,NA,NA,NA,NA,NA,NA,NA,NA,NA,87,2025-07-29T00:00:00Z,0.512,none,strong,NA,2025-07-15T00:00:00Z,NA,250,NA,87,0.67,0.57,0.95,50000,NA,57,48,102,NA,NA,NA,ctrl agar without,MEA,none,NA,NA,NA
39,16,4,2025-07-15T00:00:00Z,21.39,NA,NA,NA,NA,NA,NA,NA,NA,NA,NA,NA,88,2025-07-15T00:00:00Z,0.503,none,none,NA,2025-07-15T00:00:00Z,NA,250,NA,87,0.67,0.57,0.95,50000,NA,57,48,102,NA,NA,NA,ctrl agar without,MEA,none,NA,NA,NA
39,16,4,2025-07-15T00:00:00Z,21.39,NA,NA,NA,NA,NA,NA,NA,NA,NA,NA,NA,89,2025-07-22T00:00:00Z,0.503,none,strong,NA,2025-07-15T00:00:00Z,NA,250,NA,87,0.67,0.57,0.95,50000,NA,57,48,102,NA,NA,NA,ctrl agar without,MEA,none,NA,NA,NA
39,16,4,2025-07-15T00:00:00Z,21.39,NA,NA,NA,NA,NA,NA,NA,NA,NA,NA,NA,90,2025-07-29T00:00:00Z,0.503,none,strong,NA,2025-07-15T00:00:00Z,NA,250,NA,87,0.67,0.57,0.95,50000,NA,57,48,102,NA,NA,NA,ctrl agar without,MEA,none,NA,NA,NA
40,16,4,2025-07-15T00:00:00Z,22.02,NA,NA,NA,NA,NA,NA,NA,NA,NA,NA,NA,91,2025-07-15T00:00:00Z,0.484,none,none,NA,2025-07-15T00:00:00Z,NA,250,NA,87,0.67,0.57,0.95,50000,NA,57,48,102,NA,NA,NA,ctrl agar without,MEA,none,NA,NA,NA
40,16,4,2025-07-15T00:00:00Z,22.02,NA,NA,NA,NA,NA,NA,NA,NA,NA,NA,NA,92,2025-07-22T00:00:00Z,0.484,none,strong,NA,2025-07-15T00:00:00Z,NA,250,NA,87,0.67,0.57,0.95,50000,NA,57,48,102,NA,NA,NA,ctrl agar without,MEA,none,NA,NA,NA
40,16,4,2025-07-15T00:00:00Z,22.02,NA,NA,NA,NA,NA,NA,NA,NA,NA,NA,NA,93,2025-07-29T00:00:00Z,0.484,none,strong,NA,2025-07-15T00:00:00Z,NA,250,NA,87,0.67,0.57,0.95,50000,NA,57,48,102,NA,NA,NA,ctrl agar without,MEA,none,NA,NA,NA
41,17,4,2025-07-15T00:00:00Z,20.99,NA,NA,NA,NA,NA,NA,NA,NA,NA,NA,NA,94,2025-07-15T00:00:00Z,0.658,none,none,NA,2025-07-15T00:00:00Z,NA,250,NA,87,0.67,0.57,0.95,50000,NA,57,48,102,NA,NA,NA,T. gamsii,MEA,none,NA,NA,NA
41,17,4,2025-07-15T00:00:00Z,20.99,NA,NA,NA,NA,NA,NA,NA,NA,NA,NA,NA,95,2025-07-22T00:00:00Z,1.067,mycelium,very strong,NA,2025-07-15T00:00:00Z,NA,250,NA,87,0.67,0.57,0.95,50000,NA,57,48,102,NA,NA,NA,T. gamsii,MEA,none,NA,NA,NA
41,17,4,2025-07-15T00:00:00Z,20.99,NA,NA,NA,NA,NA,NA,NA,NA,NA,NA,NA,96,2025-07-29T00:00:00Z,1.236,mycelium,very strong,NA,2025-07-15T00:00:00Z,NA,250,NA,87,0.67,0.57,0.95,50000,NA,57,48,102,NA,NA,NA,T. gamsii,MEA,none,NA,NA,NA
41,17,4,2025-07-15T00:00:00Z,20.99,NA,NA,NA,NA,NA,NA,NA,NA,NA,NA,NA,97,2025-07-15T00:00:00Z,0.661,none,none,NA,2025-07-15T00:00:00Z,NA,250,NA,87,0.67,0.57,0.95,50000,NA,57,48,102,NA,NA,NA,T. gamsii,MEA,none,NA,NA,NA
41,17,4,2025-07-15T00:00:00Z,20.99,NA,NA,NA,NA,NA,NA,NA,NA,NA,NA,NA,98,2025-07-22T00:00:00Z,1.235,mycelium,strong,NA,2025-07-15T00:00:00Z,NA,250,NA,87,0.67,0.57,0.95,50000,NA,57,48,102,NA,NA,NA,T. gamsii,MEA,none,NA,NA,NA
41,17,4,2025-07-15T00:00:00Z,20.99,NA,NA,NA,NA,NA,NA,NA,NA,NA,NA,NA,99,2025-07-29T00:00:00Z,1.037,mycelium,strong,NA,2025-07-15T00:00:00Z,NA,250,NA,87,0.67,0.57,0.95,50000,NA,57,48,102,NA,NA,NA,T. gamsii,MEA,none,NA,NA,NA
42,18,4,2025-07-15T00:00:00Z,21.26,NA,NA,NA,NA,NA,NA,NA,NA,NA,NA,NA,100,2025-07-15T00:00:00Z,0.667,none,none,NA,2025-07-15T00:00:00Z,NA,250,NA,87,0.67,0.57,0.95,50000,NA,57,48,102,NA,NA,NA,T. koningii,MEA,none,NA,NA,NA
42,18,4,2025-07-15T00:00:00Z,21.26,NA,NA,NA,NA,NA,NA,NA,NA,NA,NA,NA,101,2025-07-22T00:00:00Z,0.798,mycelium,very strong,NA,2025-07-15T00:00:00Z,NA,250,NA,87,0.67,0.57,0.95,50000,NA,57,48,102,NA,NA,NA,T. koningii,MEA,none,NA,NA,NA
42,18,4,2025-07-15T00:00:00Z,21.26,NA,NA,NA,NA,NA,NA,NA,NA,NA,NA,NA,102,2025-07-29T00:00:00Z,0.813,mycelium,very strong,NA,2025-07-15T00:00:00Z,NA,250,NA,87,0.67,0.57,0.95,50000,NA,57,48,102,NA,NA,NA,T. koningii,MEA,none,NA,NA,NA
43,19,5,2025-07-22T00:00:00Z,23.07,NA,NA,NA,NA,NA,NA,NA,NA,NA,NA,NA,103,2025-07-22T00:00:00Z,0.725,none,none,NA,2025-07-21T00:00:00Z,NA,450,NA,80,0.54,0.7,0.78,200000,NA,126,200,182,NA,NA,NA,T. gamsii,MEA,none,NA,NA,NA
43,19,5,2025-07-22T00:00:00Z,23.07,NA,NA,NA,NA,NA,NA,NA,NA,NA,NA,NA,104,2025-07-29T00:00:00Z,0.725,none,very strong,NA,2025-07-21T00:00:00Z,NA,450,NA,80,0.54,0.7,0.78,200000,NA,126,200,182,NA,NA,NA,T. gamsii,MEA,none,NA,NA,NA
43,19,5,2025-07-22T00:00:00Z,23.07,NA,NA,NA,NA,NA,NA,NA,NA,NA,NA,NA,105,2025-08-05T00:00:00Z,0.725,none,very strong,NA,2025-07-21T00:00:00Z,NA,450,NA,80,0.54,0.7,0.78,200000,NA,126,200,182,NA,NA,NA,T. gamsii,MEA,none,NA,NA,NA
44,19,5,2025-07-22T00:00:00Z,23.49,NA,NA,NA,NA,NA,NA,NA,NA,NA,NA,NA,106,2025-07-22T00:00:00Z,0.756,none,none,NA,2025-07-21T00:00:00Z,NA,450,NA,80,0.54,0.7,0.78,200000,NA,126,200,182,NA,NA,NA,T. gamsii,MEA,none,NA,NA,NA
44,19,5,2025-07-22T00:00:00Z,23.49,NA,NA,NA,NA,NA,NA,NA,NA,NA,NA,NA,107,2025-07-29T00:00:00Z,1.165,mycelium,medium,NA,2025-07-21T00:00:00Z,NA,450,NA,80,0.54,0.7,0.78,200000,NA,126,200,182,NA,NA,NA,T. gamsii,MEA,none,NA,NA,NA
44,19,5,2025-07-22T00:00:00Z,23.49,NA,NA,NA,NA,NA,NA,NA,NA,NA,NA,NA,108,2025-08-05T00:00:00Z,7.493,slime,strong,NA,2025-07-21T00:00:00Z,NA,450,NA,80,0.54,0.7,0.78,200000,NA,126,200,182,NA,NA,NA,T. gamsii,MEA,none,NA,NA,NA
45,19,5,2025-07-22T00:00:00Z,21.91,NA,NA,NA,NA,NA,NA,NA,NA,NA,NA,NA,109,2025-07-22T00:00:00Z,0.781,none,none,NA,2025-07-21T00:00:00Z,NA,450,NA,80,0.54,0.7,0.78,200000,NA,126,200,182,NA,NA,NA,T. gamsii,MEA,none,NA,NA,NA
45,19,5,2025-07-22T00:00:00Z,21.91,NA,NA,NA,NA,NA,NA,NA,NA,NA,NA,NA,110,2025-07-29T00:00:00Z,0.907,mycelium,none,NA,2025-07-21T00:00:00Z,NA,450,NA,80,0.54,0.7,0.78,200000,NA,126,200,182,NA,NA,NA,T. gamsii,MEA,none,NA,NA,NA
45,19,5,2025-07-22T00:00:00Z,21.91,NA,NA,NA,NA,NA,NA,NA,NA,NA,NA,NA,111,2025-08-05T00:00:00Z,1.206,slime,strong,NA,2025-07-21T00:00:00Z,NA,450,NA,80,0.54,0.7,0.78,200000,NA,126,200,182,NA,NA,NA,T. gamsii,MEA,none,NA,NA,NA
46,20,5,2025-07-22T00:00:00Z,22.33,NA,NA,NA,NA,NA,NA,NA,NA,NA,NA,NA,112,2025-07-22T00:00:00Z,0.651,none,none,NA,2025-07-21T00:00:00Z,NA,450,NA,80,0.54,0.7,0.78,200000,NA,126,200,182,NA,NA,NA,T. veluntinum,MEA,none,NA,NA,NA
46,20,5,2025-07-22T00:00:00Z,22.33,NA,NA,NA,NA,NA,NA,NA,NA,NA,NA,NA,113,2025-07-29T00:00:00Z,2.545,slime,few,NA,2025-07-21T00:00:00Z,NA,450,NA,80,0.54,0.7,0.78,200000,NA,126,200,182,NA,NA,NA,T. veluntinum,MEA,none,NA,NA,NA
46,20,5,2025-07-22T00:00:00Z,22.33,NA,NA,NA,NA,NA,NA,NA,NA,NA,NA,NA,114,2025-08-05T00:00:00Z,12.513,strong mycelium,strong,NA,2025-07-21T00:00:00Z,NA,450,NA,80,0.54,0.7,0.78,200000,NA,126,200,182,NA,NA,NA,T. veluntinum,MEA,none,NA,NA,NA
47,20,5,2025-07-22T00:00:00Z,23.34,NA,NA,NA,NA,NA,NA,NA,NA,NA,NA,NA,115,2025-07-22T00:00:00Z,0.728,none,none,NA,2025-07-21T00:00:00Z,NA,450,NA,80,0.54,0.7,0.78,200000,NA,126,200,182,NA,NA,NA,T. veluntinum,MEA,none,NA,NA,NA
47,20,5,2025-07-22T00:00:00Z,23.34,NA,NA,NA,NA,NA,NA,NA,NA,NA,NA,NA,116,2025-07-29T00:00:00Z,0.728,none,few,NA,2025-07-21T00:00:00Z,NA,450,NA,80,0.54,0.7,0.78,200000,NA,126,200,182,NA,NA,NA,T. veluntinum,MEA,none,NA,NA,NA
47,20,5,2025-07-22T00:00:00Z,23.34,NA,NA,NA,NA,NA,NA,NA,NA,NA,NA,NA,117,2025-08-05T00:00:00Z,0.728,none,very strong,overgrowth from contamination after 7 days,2025-07-21T00:00:00Z,NA,450,NA,80,0.54,0.7,0.78,200000,NA,126,200,182,NA,NA,NA,T. veluntinum,MEA,none,NA,NA,NA
48,20,5,2025-07-22T00:00:00Z,23.33,NA,NA,NA,NA,NA,NA,NA,NA,NA,NA,NA,118,2025-07-22T00:00:00Z,0.649,none,none,NA,2025-07-21T00:00:00Z,NA,450,NA,80,0.54,0.7,0.78,200000,NA,126,200,182,NA,NA,NA,T. veluntinum,MEA,none,NA,NA,NA
48,20,5,2025-07-22T00:00:00Z,23.33,NA,NA,NA,NA,NA,NA,NA,NA,NA,NA,NA,119,2025-07-29T00:00:00Z,2.471,mycelium-slime,few,NA,2025-07-21T00:00:00Z,NA,450,NA,80,0.54,0.7,0.78,200000,NA,126,200,182,NA,NA,NA,T. veluntinum,MEA,none,NA,NA,NA
48,20,5,2025-07-22T00:00:00Z,23.33,NA,NA,NA,NA,NA,NA,NA,NA,NA,NA,NA,120,2025-08-05T00:00:00Z,2.471,slime,medium,NA,2025-07-21T00:00:00Z,NA,450,NA,80,0.54,0.7,0.78,200000,NA,126,200,182,NA,NA,NA,T. veluntinum,MEA,none,NA,NA,NA
49,21,5,2025-07-22T00:00:00Z,22.66,NA,NA,NA,NA,NA,NA,NA,NA,NA,NA,NA,121,2025-07-22T00:00:00Z,0.625,none,none,NA,2025-07-21T00:00:00Z,NA,450,NA,80,0.54,0.7,0.78,200000,NA,126,200,182,NA,NA,NA,T. harzianum CBS245.93,MEA,none,NA,NA,NA
49,21,5,2025-07-22T00:00:00Z,22.66,NA,NA,NA,NA,NA,NA,NA,NA,NA,NA,NA,122,2025-07-29T00:00:00Z,3.096,mycelium-slime,none,NA,2025-07-21T00:00:00Z,NA,450,NA,80,0.54,0.7,0.78,200000,NA,126,200,182,NA,NA,NA,T. harzianum CBS245.93,MEA,none,NA,NA,NA
49,21,5,2025-07-22T00:00:00Z,22.66,NA,NA,NA,NA,NA,NA,NA,NA,NA,NA,NA,123,2025-08-05T00:00:00Z,4.491,mycelium-slime,strong,NA,2025-07-21T00:00:00Z,NA,450,NA,80,0.54,0.7,0.78,200000,NA,126,200,182,NA,NA,NA,T. harzianum CBS245.93,MEA,none,NA,NA,NA
50,21,5,2025-07-22T00:00:00Z,22.93,NA,NA,NA,NA,NA,NA,NA,NA,NA,NA,NA,124,2025-07-22T00:00:00Z,0.64,none,none,NA,2025-07-21T00:00:00Z,NA,450,NA,80,0.54,0.7,0.78,200000,NA,126,200,182,NA,NA,NA,T. harzianum CBS245.93,MEA,none,NA,NA,NA
50,21,5,2025-07-22T00:00:00Z,22.93,NA,NA,NA,NA,NA,NA,NA,NA,NA,NA,NA,125,2025-07-29T00:00:00Z,3.363,mycelium-slime,few,NA,2025-07-21T00:00:00Z,NA,450,NA,80,0.54,0.7,0.78,200000,NA,126,200,182,NA,NA,NA,T. harzianum CBS245.93,MEA,none,NA,NA,NA
50,21,5,2025-07-22T00:00:00Z,22.93,NA,NA,NA,NA,NA,NA,NA,NA,NA,NA,NA,126,2025-08-05T00:00:00Z,5.014,mycelium-slime,strong,NA,2025-07-21T00:00:00Z,NA,450,NA,80,0.54,0.7,0.78,200000,NA,126,200,182,NA,NA,NA,T. harzianum CBS245.93,MEA,none,NA,NA,NA
51,21,5,2025-07-22T00:00:00Z,21.07,NA,NA,NA,NA,NA,NA,NA,NA,NA,NA,NA,127,2025-07-22T00:00:00Z,0.662,none,none,NA,2025-07-21T00:00:00Z,NA,450,NA,80,0.54,0.7,0.78,200000,NA,126,200,182,NA,NA,NA,T. harzianum CBS245.93,MEA,none,NA,NA,NA
51,21,5,2025-07-22T00:00:00Z,21.07,NA,NA,NA,NA,NA,NA,NA,NA,NA,NA,NA,128,2025-07-29T00:00:00Z,4.314,mycelium,few,NA,2025-07-21T00:00:00Z,NA,450,NA,80,0.54,0.7,0.78,200000,NA,126,200,182,NA,NA,NA,T. harzianum CBS245.93,MEA,none,NA,NA,NA
51,21,5,2025-07-22T00:00:00Z,21.07,NA,NA,NA,NA,NA,NA,NA,NA,NA,NA,NA,129,2025-08-05T00:00:00Z,4.314,mycelium-slime,medium,NA,2025-07-21T00:00:00Z,NA,450,NA,80,0.54,0.7,0.78,200000,NA,126,200,182,NA,NA,NA,T. harzianum CBS245.93,MEA,none,NA,NA,NA
52,22,5,2025-07-22T00:00:00Z,23.35,NA,NA,NA,NA,NA,NA,NA,NA,NA,NA,NA,130,2025-07-22T00:00:00Z,0.667,none,none,NA,2025-07-21T00:00:00Z,NA,450,NA,80,0.54,0.7,0.78,200000,NA,126,200,182,NA,NA,NA,ctrl,MEA,none,NA,NA,NA
52,22,5,2025-07-22T00:00:00Z,23.35,NA,NA,NA,NA,NA,NA,NA,NA,NA,NA,NA,131,2025-07-29T00:00:00Z,0.667,none,few,NA,2025-07-21T00:00:00Z,NA,450,NA,80,0.54,0.7,0.78,200000,NA,126,200,182,NA,NA,NA,ctrl,MEA,none,NA,NA,NA
52,22,5,2025-07-22T00:00:00Z,23.35,NA,NA,NA,NA,NA,NA,NA,NA,NA,NA,NA,132,2025-08-05T00:00:00Z,0.667,none,strong,NA,2025-07-21T00:00:00Z,NA,450,NA,80,0.54,0.7,0.78,200000,NA,126,200,182,NA,NA,NA,ctrl,MEA,none,NA,NA,NA
53,22,5,2025-07-22T00:00:00Z,22.77,NA,NA,NA,NA,NA,NA,NA,NA,NA,NA,NA,133,2025-07-22T00:00:00Z,0.68,none,none,NA,2025-07-21T00:00:00Z,NA,450,NA,80,0.54,0.7,0.78,200000,NA,126,200,182,NA,NA,NA,ctrl,MEA,none,NA,NA,NA
53,22,5,2025-07-22T00:00:00Z,22.77,NA,NA,NA,NA,NA,NA,NA,NA,NA,NA,NA,134,2025-07-29T00:00:00Z,0.68,none,none,NA,2025-07-21T00:00:00Z,NA,450,NA,80,0.54,0.7,0.78,200000,NA,126,200,182,NA,NA,NA,ctrl,MEA,none,NA,NA,NA
53,22,5,2025-07-22T00:00:00Z,22.77,NA,NA,NA,NA,NA,NA,NA,NA,NA,NA,NA,135,2025-08-05T00:00:00Z,0.68,none,strong,NA,2025-07-21T00:00:00Z,NA,450,NA,80,0.54,0.7,0.78,200000,NA,126,200,182,NA,NA,NA,ctrl,MEA,none,NA,NA,NA
54,22,5,2025-07-22T00:00:00Z,21.78,NA,NA,NA,NA,NA,NA,NA,NA,NA,NA,NA,136,2025-07-22T00:00:00Z,0.55,none,none,NA,2025-07-21T00:00:00Z,NA,450,NA,80,0.54,0.7,0.78,200000,NA,126,200,182,NA,NA,NA,ctrl,MEA,none,NA,NA,NA
54,22,5,2025-07-22T00:00:00Z,21.78,NA,NA,NA,NA,NA,NA,NA,NA,NA,NA,NA,137,2025-07-29T00:00:00Z,0.55,none,none,NA,2025-07-21T00:00:00Z,NA,450,NA,80,0.54,0.7,0.78,200000,NA,126,200,182,NA,NA,NA,ctrl,MEA,none,NA,NA,NA
54,22,5,2025-07-22T00:00:00Z,21.78,NA,NA,NA,NA,NA,NA,NA,NA,NA,NA,NA,138,2025-08-05T00:00:00Z,0.55,none,strong,NA,2025-07-21T00:00:00Z,NA,450,NA,80,0.54,0.7,0.78,200000,NA,126,200,182,NA,NA,NA,ctrl,MEA,none,NA,NA,NA
55,23,5,2025-07-22T00:00:00Z,22.51,NA,NA,NA,NA,NA,NA,NA,NA,NA,NA,NA,139,2025-07-22T00:00:00Z,0.694,none,none,NA,2025-07-21T00:00:00Z,NA,450,NA,80,0.54,0.7,0.78,200000,NA,126,200,182,NA,NA,NA,T. virens,MEA,none,NA,NA,NA
55,23,5,2025-07-22T00:00:00Z,22.51,NA,NA,NA,NA,NA,NA,NA,NA,NA,NA,NA,140,2025-07-29T00:00:00Z,1.218,mycelium,medium,mostly air mycelium from plug,2025-07-21T00:00:00Z,NA,450,NA,80,0.54,0.7,0.78,200000,NA,126,200,182,NA,NA,NA,T. virens,MEA,none,NA,NA,NA
55,23,5,2025-07-22T00:00:00Z,22.51,NA,NA,NA,NA,NA,NA,NA,NA,NA,NA,NA,141,2025-08-05T00:00:00Z,0.694,none,strong,NA,2025-07-21T00:00:00Z,NA,450,NA,80,0.54,0.7,0.78,200000,NA,126,200,182,NA,NA,NA,T. virens,MEA,none,NA,NA,NA
56,23,5,2025-07-22T00:00:00Z,24.32,NA,NA,NA,NA,NA,NA,NA,NA,NA,NA,NA,142,2025-07-22T00:00:00Z,0.777,none,none,NA,2025-07-21T00:00:00Z,NA,450,NA,80,0.54,0.7,0.78,200000,NA,126,200,182,NA,NA,NA,T. virens,MEA,none,NA,NA,NA
56,23,5,2025-07-22T00:00:00Z,24.32,NA,NA,NA,NA,NA,NA,NA,NA,NA,NA,NA,143,2025-07-29T00:00:00Z,0.707,none,none,NA,2025-07-21T00:00:00Z,NA,450,NA,80,0.54,0.7,0.78,200000,NA,126,200,182,NA,NA,NA,T. virens,MEA,none,NA,NA,NA
56,23,5,2025-07-22T00:00:00Z,24.32,NA,NA,NA,NA,NA,NA,NA,NA,NA,NA,NA,144,2025-08-05T00:00:00Z,0.835,none,strong,NA,2025-07-21T00:00:00Z,NA,450,NA,80,0.54,0.7,0.78,200000,NA,126,200,182,NA,NA,NA,T. virens,MEA,none,NA,NA,NA
57,23,5,2025-07-22T00:00:00Z,24.34,NA,NA,NA,NA,NA,NA,NA,NA,NA,NA,NA,145,2025-07-22T00:00:00Z,0.68,none,none,NA,2025-07-21T00:00:00Z,NA,450,NA,80,0.54,0.7,0.78,200000,NA,126,200,182,NA,NA,NA,T. virens,MEA,none,NA,NA,NA
57,23,5,2025-07-22T00:00:00Z,24.34,NA,NA,NA,NA,NA,NA,NA,NA,NA,NA,NA,146,2025-07-29T00:00:00Z,1.469,mycelium-slime,few,NA,2025-07-21T00:00:00Z,NA,450,NA,80,0.54,0.7,0.78,200000,NA,126,200,182,NA,NA,NA,T. virens,MEA,none,NA,NA,NA
57,23,5,2025-07-22T00:00:00Z,24.34,NA,NA,NA,NA,NA,NA,NA,NA,NA,NA,NA,147,2025-08-05T00:00:00Z,1.284,slime,strong,NA,2025-07-21T00:00:00Z,NA,450,NA,80,0.54,0.7,0.78,200000,NA,126,200,182,NA,NA,NA,T. virens,MEA,none,NA,NA,NA
58,24,5,2025-07-22T00:00:00Z,22.96,NA,NA,NA,NA,NA,NA,NA,NA,NA,NA,NA,148,2025-07-22T00:00:00Z,0.535,none,none,NA,2025-07-21T00:00:00Z,NA,450,NA,80,0.54,0.7,0.78,200000,NA,126,200,182,NA,NA,NA,T. atroviridae,MEA,none,NA,NA,NA
58,24,5,2025-07-22T00:00:00Z,22.96,NA,NA,NA,NA,NA,NA,NA,NA,NA,NA,NA,149,2025-07-29T00:00:00Z,0.561,none,few,NA,2025-07-21T00:00:00Z,NA,450,NA,80,0.54,0.7,0.78,200000,NA,126,200,182,NA,NA,NA,T. atroviridae,MEA,none,NA,NA,NA
58,24,5,2025-07-22T00:00:00Z,22.96,NA,NA,NA,NA,NA,NA,NA,NA,NA,NA,NA,150,2025-08-05T00:00:00Z,0.519,none,few,NA,2025-07-21T00:00:00Z,NA,450,NA,80,0.54,0.7,0.78,200000,NA,126,200,182,NA,NA,NA,T. atroviridae,MEA,none,NA,NA,NA
59,24,5,2025-07-22T00:00:00Z,22.65,NA,NA,NA,NA,NA,NA,NA,NA,NA,NA,NA,151,2025-07-22T00:00:00Z,0.564,none,none,NA,2025-07-21T00:00:00Z,NA,450,NA,80,0.54,0.7,0.78,200000,NA,126,200,182,NA,NA,NA,T. atroviridae,MEA,none,NA,NA,NA
59,24,5,2025-07-22T00:00:00Z,22.65,NA,NA,NA,NA,NA,NA,NA,NA,NA,NA,NA,152,2025-07-29T00:00:00Z,0.564,none,very storng,"complete overgrowth by fungus, sodaria",2025-07-21T00:00:00Z,NA,450,NA,80,0.54,0.7,0.78,200000,NA,126,200,182,NA,NA,NA,T. atroviridae,MEA,none,NA,NA,NA
59,24,5,2025-07-22T00:00:00Z,22.65,NA,NA,NA,NA,NA,NA,NA,NA,NA,NA,NA,153,2025-08-05T00:00:00Z,0.564,none,very strong,"complete overgrowth by fungus, sodaria",2025-07-21T00:00:00Z,NA,450,NA,80,0.54,0.7,0.78,200000,NA,126,200,182,NA,NA,NA,T. atroviridae,MEA,none,NA,NA,NA
60,24,5,2025-07-22T00:00:00Z,23.23,NA,NA,NA,NA,NA,NA,NA,NA,NA,NA,NA,154,2025-07-22T00:00:00Z,0.655,none,none,NA,2025-07-21T00:00:00Z,NA,450,NA,80,0.54,0.7,0.78,200000,NA,126,200,182,NA,NA,NA,T. atroviridae,MEA,none,NA,NA,NA
60,24,5,2025-07-22T00:00:00Z,23.23,NA,NA,NA,NA,NA,NA,NA,NA,NA,NA,NA,155,2025-07-29T00:00:00Z,0.645,none,few,NA,2025-07-21T00:00:00Z,NA,450,NA,80,0.54,0.7,0.78,200000,NA,126,200,182,NA,NA,NA,T. atroviridae,MEA,none,NA,NA,NA
60,24,5,2025-07-22T00:00:00Z,23.23,NA,NA,NA,NA,NA,NA,NA,NA,NA,NA,NA,156,2025-08-05T00:00:00Z,0.598,none,medium,NA,2025-07-21T00:00:00Z,NA,450,NA,80,0.54,0.7,0.78,200000,NA,126,200,182,NA,NA,NA,T. atroviridae,MEA,none,NA,NA,NA
61,25,5,2025-07-22T00:00:00Z,23.32,NA,NA,NA,NA,NA,NA,NA,NA,NA,NA,NA,157,2025-07-22T00:00:00Z,0.788,none,none,NA,2025-07-21T00:00:00Z,NA,450,NA,80,0.54,0.7,0.78,200000,NA,126,200,182,NA,NA,NA,T. harzianum T22,MEA,none,NA,NA,NA
61,25,5,2025-07-22T00:00:00Z,23.32,NA,NA,NA,NA,NA,NA,NA,NA,NA,NA,NA,158,2025-07-29T00:00:00Z,2.895,mycelium-slime,few,NA,2025-07-21T00:00:00Z,NA,450,NA,80,0.54,0.7,0.78,200000,NA,126,200,182,NA,NA,NA,T. harzianum T22,MEA,none,NA,NA,NA
61,25,5,2025-07-22T00:00:00Z,23.32,NA,NA,NA,NA,NA,NA,NA,NA,NA,NA,NA,159,2025-08-05T00:00:00Z,2.97,mycelium-slime,strong,NA,2025-07-21T00:00:00Z,NA,450,NA,80,0.54,0.7,0.78,200000,NA,126,200,182,NA,NA,NA,T. harzianum T22,MEA,none,NA,NA,NA
62,25,5,2025-07-22T00:00:00Z,22.7,NA,NA,NA,NA,NA,NA,NA,NA,NA,NA,NA,160,2025-07-22T00:00:00Z,0.707,none,none,NA,2025-07-21T00:00:00Z,NA,450,NA,80,0.54,0.7,0.78,200000,NA,126,200,182,NA,NA,NA,T. harzianum T22,MEA,none,NA,NA,NA
62,25,5,2025-07-22T00:00:00Z,22.7,NA,NA,NA,NA,NA,NA,NA,NA,NA,NA,NA,161,2025-07-29T00:00:00Z,2.923,mycelium-slime,few,NA,2025-07-21T00:00:00Z,NA,450,NA,80,0.54,0.7,0.78,200000,NA,126,200,182,NA,NA,NA,T. harzianum T22,MEA,none,NA,NA,NA
62,25,5,2025-07-22T00:00:00Z,22.7,NA,NA,NA,NA,NA,NA,NA,NA,NA,NA,NA,162,2025-08-05T00:00:00Z,3.601,mycelium-slime,few,NA,2025-07-21T00:00:00Z,NA,450,NA,80,0.54,0.7,0.78,200000,NA,126,200,182,NA,NA,NA,T. harzianum T22,MEA,none,NA,NA,NA
63,26,6,2025-07-24T00:00:00Z,21.88,NA,NA,NA,NA,NA,NA,NA,NA,NA,NA,NA,163,2025-07-24T00:00:00Z,0.749,none,none,NA,2025-07-23T00:00:00Z,NA,310,NA,69.7,0.61,0.64,0.46,1000000,NA,162,177,113,NA,NA,NA,T. harzianum T22,MEA,none,NA,NA,NA
63,26,6,2025-07-24T00:00:00Z,21.88,NA,NA,NA,NA,NA,NA,NA,NA,NA,NA,NA,164,2025-08-07T00:00:00Z,NA,NA,NA,NA,2025-07-23T00:00:00Z,NA,310,NA,69.7,0.61,0.64,0.46,1000000,NA,162,177,113,NA,NA,NA,T. harzianum T22,MEA,none,NA,NA,NA
64,26,6,2025-07-24T00:00:00Z,23.11,NA,NA,NA,NA,NA,NA,NA,NA,NA,NA,NA,165,2025-07-24T00:00:00Z,0.762,none,none,NA,2025-07-23T00:00:00Z,NA,310,NA,69.7,0.61,0.64,0.46,1000000,NA,162,177,113,NA,NA,NA,T. harzianum T22,MEA,none,NA,NA,NA
64,26,6,2025-07-24T00:00:00Z,23.11,NA,NA,NA,NA,NA,NA,NA,NA,NA,NA,NA,166,2025-08-07T00:00:00Z,NA,NA,NA,NA,2025-07-23T00:00:00Z,NA,310,NA,69.7,0.61,0.64,0.46,1000000,NA,162,177,113,NA,NA,NA,T. harzianum T22,MEA,none,NA,NA,NA
65,26,6,2025-07-24T00:00:00Z,21.41,NA,NA,NA,NA,NA,NA,NA,NA,NA,NA,NA,167,2025-07-24T00:00:00Z,0.748,none,none,NA,2025-07-23T00:00:00Z,NA,310,NA,69.7,0.61,0.64,0.46,1000000,NA,162,177,113,NA,NA,NA,T. harzianum T22,MEA,none,NA,NA,NA
65,26,6,2025-07-24T00:00:00Z,21.41,NA,NA,NA,NA,NA,NA,NA,NA,NA,NA,NA,168,2025-08-07T00:00:00Z,NA,NA,NA,NA,2025-07-23T00:00:00Z,NA,310,NA,69.7,0.61,0.64,0.46,1000000,NA,162,177,113,NA,NA,NA,T. harzianum T22,MEA,none,NA,NA,NA
66,27,6,2025-07-24T00:00:00Z,22.62,NA,NA,NA,NA,NA,NA,NA,NA,NA,NA,NA,169,2025-07-24T00:00:00Z,0.68,none,none,NA,2025-07-23T00:00:00Z,NA,310,NA,69.7,0.61,0.64,0.46,1000000,NA,162,177,113,NA,NA,NA,T. harzianum CBS245.93,MEA,none,NA,NA,NA
66,27,6,2025-07-24T00:00:00Z,22.62,NA,NA,NA,NA,NA,NA,NA,NA,NA,NA,NA,170,2025-08-07T00:00:00Z,NA,NA,NA,NA,2025-07-23T00:00:00Z,NA,310,NA,69.7,0.61,0.64,0.46,1000000,NA,162,177,113,NA,NA,NA,T. harzianum CBS245.93,MEA,none,NA,NA,NA
67,27,6,2025-07-24T00:00:00Z,22.68,NA,NA,NA,NA,NA,NA,NA,NA,NA,NA,NA,171,2025-07-24T00:00:00Z,0.767,none,none,NA,2025-07-23T00:00:00Z,NA,310,NA,69.7,0.61,0.64,0.46,1000000,NA,162,177,113,NA,NA,NA,T. harzianum CBS245.93,MEA,none,NA,NA,NA
67,27,6,2025-07-24T00:00:00Z,22.68,NA,NA,NA,NA,NA,NA,NA,NA,NA,NA,NA,172,2025-08-07T00:00:00Z,NA,NA,NA,NA,2025-07-23T00:00:00Z,NA,310,NA,69.7,0.61,0.64,0.46,1000000,NA,162,177,113,NA,NA,NA,T. harzianum CBS245.93,MEA,none,NA,NA,NA
68,27,6,2025-07-24T00:00:00Z,22.08,NA,NA,NA,NA,NA,NA,NA,NA,NA,NA,NA,173,2025-07-24T00:00:00Z,0.754,none,none,NA,2025-07-23T00:00:00Z,NA,310,NA,69.7,0.61,0.64,0.46,1000000,NA,162,177,113,NA,NA,NA,T. harzianum CBS245.93,MEA,none,NA,NA,NA
68,27,6,2025-07-24T00:00:00Z,22.08,NA,NA,NA,NA,NA,NA,NA,NA,NA,NA,NA,174,2025-08-07T00:00:00Z,NA,NA,NA,NA,2025-07-23T00:00:00Z,NA,310,NA,69.7,0.61,0.64,0.46,1000000,NA,162,177,113,NA,NA,NA,T. harzianum CBS245.93,MEA,none,NA,NA,NA
69,28,6,2025-07-24T00:00:00Z,22.66,NA,NA,NA,NA,NA,NA,NA,NA,NA,NA,NA,175,2025-07-24T00:00:00Z,0.721,none,none,NA,2025-07-23T00:00:00Z,NA,310,NA,69.7,0.61,0.64,0.46,1000000,NA,162,177,113,NA,NA,NA,T. gamsii,MEA,none,NA,NA,NA
69,28,6,2025-07-24T00:00:00Z,22.66,NA,NA,NA,NA,NA,NA,NA,NA,NA,NA,NA,176,2025-08-07T00:00:00Z,NA,NA,NA,NA,2025-07-23T00:00:00Z,NA,310,NA,69.7,0.61,0.64,0.46,1000000,NA,162,177,113,NA,NA,NA,T. gamsii,MEA,none,NA,NA,NA
70,28,6,2025-07-24T00:00:00Z,21.66,NA,NA,NA,NA,NA,NA,NA,NA,NA,NA,NA,177,2025-07-24T00:00:00Z,0.691,none,none,NA,2025-07-23T00:00:00Z,NA,310,NA,69.7,0.61,0.64,0.46,1000000,NA,162,177,113,NA,NA,NA,T. gamsii,MEA,none,NA,NA,NA
70,28,6,2025-07-24T00:00:00Z,21.66,NA,NA,NA,NA,NA,NA,NA,NA,NA,NA,NA,178,2025-08-07T00:00:00Z,NA,NA,NA,NA,2025-07-23T00:00:00Z,NA,310,NA,69.7,0.61,0.64,0.46,1000000,NA,162,177,113,NA,NA,NA,T. gamsii,MEA,none,NA,NA,NA
71,28,6,2025-07-24T00:00:00Z,21.5,NA,NA,NA,NA,NA,NA,NA,NA,NA,NA,NA,179,2025-07-24T00:00:00Z,0.828,none,none,NA,2025-07-23T00:00:00Z,NA,310,NA,69.7,0.61,0.64,0.46,1000000,NA,162,177,113,NA,NA,NA,T. gamsii,MEA,none,NA,NA,NA
71,28,6,2025-07-24T00:00:00Z,21.5,NA,NA,NA,NA,NA,NA,NA,NA,NA,NA,NA,180,2025-08-07T00:00:00Z,NA,NA,NA,NA,2025-07-23T00:00:00Z,NA,310,NA,69.7,0.61,0.64,0.46,1000000,NA,162,177,113,NA,NA,NA,T. gamsii,MEA,none,NA,NA,NA
72,29,6,2025-07-24T00:00:00Z,21.87,NA,NA,NA,NA,NA,NA,NA,NA,NA,NA,NA,181,2025-07-24T00:00:00Z,0.85,none,none,NA,2025-07-23T00:00:00Z,NA,310,NA,69.7,0.61,0.64,0.46,1000000,NA,162,177,113,NA,NA,NA,ctrl,MEA,none,NA,NA,NA
72,29,6,2025-07-24T00:00:00Z,21.87,NA,NA,NA,NA,NA,NA,NA,NA,NA,NA,NA,182,2025-08-07T00:00:00Z,NA,NA,NA,NA,2025-07-23T00:00:00Z,NA,310,NA,69.7,0.61,0.64,0.46,1000000,NA,162,177,113,NA,NA,NA,ctrl,MEA,none,NA,NA,NA
73,29,6,2025-07-24T00:00:00Z,22,NA,NA,NA,NA,NA,NA,NA,NA,NA,NA,NA,183,2025-07-24T00:00:00Z,0.852,none,none,NA,2025-07-23T00:00:00Z,NA,310,NA,69.7,0.61,0.64,0.46,1000000,NA,162,177,113,NA,NA,NA,ctrl,MEA,none,NA,NA,NA
73,29,6,2025-07-24T00:00:00Z,22,NA,NA,NA,NA,NA,NA,NA,NA,NA,NA,NA,184,2025-08-07T00:00:00Z,NA,NA,NA,NA,2025-07-23T00:00:00Z,NA,310,NA,69.7,0.61,0.64,0.46,1000000,NA,162,177,113,NA,NA,NA,ctrl,MEA,none,NA,NA,NA
74,29,6,2025-07-24T00:00:00Z,21.85,NA,NA,NA,NA,NA,NA,NA,NA,NA,NA,NA,185,2025-07-24T00:00:00Z,0.707,none,none,NA,2025-07-23T00:00:00Z,NA,310,NA,69.7,0.61,0.64,0.46,1000000,NA,162,177,113,NA,NA,NA,ctrl,MEA,none,NA,NA,NA
74,29,6,2025-07-24T00:00:00Z,21.85,NA,NA,NA,NA,NA,NA,NA,NA,NA,NA,NA,186,2025-08-07T00:00:00Z,NA,NA,NA,NA,2025-07-23T00:00:00Z,NA,310,NA,69.7,0.61,0.64,0.46,1000000,NA,162,177,113,NA,NA,NA,ctrl,MEA,none,NA,NA,NA
75,30,7,2025-08-05T00:00:00Z,22.81,NA,NA,NA,NA,NA,NA,NA,NA,NA,NA,NA,187,2025-08-05T00:00:00Z,0.648,none,none,NA,2025-08-04T00:00:00Z,NA,600,NA,70.5,0.73,0.79,0.57,500000,NA,NA,NA,NA,NA,NA,NA,T. harzianum T22,MEA,none,NA,NA,NA
75,30,7,2025-08-05T00:00:00Z,22.81,NA,NA,NA,NA,NA,NA,NA,NA,NA,NA,NA,188,2025-08-12T00:00:00Z,NA,NA,NA,NA,2025-08-04T00:00:00Z,NA,600,NA,70.5,0.73,0.79,0.57,500000,NA,NA,NA,NA,NA,NA,NA,T. harzianum T22,MEA,none,NA,NA,NA
75,30,7,2025-08-05T00:00:00Z,22.81,NA,NA,NA,NA,NA,NA,NA,NA,NA,NA,NA,189,2025-08-19T00:00:00Z,NA,NA,NA,NA,2025-08-04T00:00:00Z,NA,600,NA,70.5,0.73,0.79,0.57,500000,NA,NA,NA,NA,NA,NA,NA,T. harzianum T22,MEA,none,NA,NA,NA
76,30,7,2025-08-05T00:00:00Z,23,NA,NA,NA,NA,NA,NA,NA,NA,NA,NA,NA,190,2025-08-05T00:00:00Z,0.731,none,none,NA,2025-08-04T00:00:00Z,NA,600,NA,70.5,0.73,0.79,0.57,500000,NA,NA,NA,NA,NA,NA,NA,T. harzianum T22,MEA,none,NA,NA,NA
76,30,7,2025-08-05T00:00:00Z,23,NA,NA,NA,NA,NA,NA,NA,NA,NA,NA,NA,191,2025-08-12T00:00:00Z,NA,NA,NA,NA,2025-08-04T00:00:00Z,NA,600,NA,70.5,0.73,0.79,0.57,500000,NA,NA,NA,NA,NA,NA,NA,T. harzianum T22,MEA,none,NA,NA,NA
76,30,7,2025-08-05T00:00:00Z,23,NA,NA,NA,NA,NA,NA,NA,NA,NA,NA,NA,192,2025-08-19T00:00:00Z,NA,NA,NA,NA,2025-08-04T00:00:00Z,NA,600,NA,70.5,0.73,0.79,0.57,500000,NA,NA,NA,NA,NA,NA,NA,T. harzianum T22,MEA,none,NA,NA,NA
77,30,7,2025-08-05T00:00:00Z,23.91,NA,NA,NA,NA,NA,NA,NA,NA,NA,NA,NA,193,2025-08-05T00:00:00Z,0.752,none,none,NA,2025-08-04T00:00:00Z,NA,600,NA,70.5,0.73,0.79,0.57,500000,NA,NA,NA,NA,NA,NA,NA,T. harzianum T22,MEA,none,NA,NA,NA
77,30,7,2025-08-05T00:00:00Z,23.91,NA,NA,NA,NA,NA,NA,NA,NA,NA,NA,NA,194,2025-08-12T00:00:00Z,NA,NA,NA,NA,2025-08-04T00:00:00Z,NA,600,NA,70.5,0.73,0.79,0.57,500000,NA,NA,NA,NA,NA,NA,NA,T. harzianum T22,MEA,none,NA,NA,NA
77,30,7,2025-08-05T00:00:00Z,23.91,NA,NA,NA,NA,NA,NA,NA,NA,NA,NA,NA,195,2025-08-19T00:00:00Z,NA,NA,NA,NA,2025-08-04T00:00:00Z,NA,600,NA,70.5,0.73,0.79,0.57,500000,NA,NA,NA,NA,NA,NA,NA,T. harzianum T22,MEA,none,NA,NA,NA
78,31,7,2025-08-05T00:00:00Z,22.83,NA,NA,NA,NA,NA,NA,NA,NA,NA,NA,NA,196,2025-08-05T00:00:00Z,0.77,none,none,NA,2025-08-04T00:00:00Z,NA,600,NA,70.5,0.73,0.79,0.57,500000,NA,NA,NA,NA,NA,NA,NA,T. harzainum CBS245.93,MEA,none,NA,NA,NA
78,31,7,2025-08-05T00:00:00Z,22.83,NA,NA,NA,NA,NA,NA,NA,NA,NA,NA,NA,197,2025-08-12T00:00:00Z,NA,NA,NA,NA,2025-08-04T00:00:00Z,NA,600,NA,70.5,0.73,0.79,0.57,500000,NA,NA,NA,NA,NA,NA,NA,T. harzainum CBS245.93,MEA,none,NA,NA,NA
78,31,7,2025-08-05T00:00:00Z,22.83,NA,NA,NA,NA,NA,NA,NA,NA,NA,NA,NA,198,2025-08-19T00:00:00Z,NA,NA,NA,NA,2025-08-04T00:00:00Z,NA,600,NA,70.5,0.73,0.79,0.57,500000,NA,NA,NA,NA,NA,NA,NA,T. harzainum CBS245.93,MEA,none,NA,NA,NA
79,31,7,2025-08-05T00:00:00Z,20.25,NA,NA,NA,NA,NA,NA,NA,NA,NA,NA,NA,199,2025-08-05T00:00:00Z,1.074,none,none,NA,2025-08-04T00:00:00Z,NA,600,NA,70.5,0.73,0.79,0.57,500000,NA,NA,NA,NA,NA,NA,NA,T. harzainum CBS245.93,MEA,none,NA,NA,NA
79,31,7,2025-08-05T00:00:00Z,20.25,NA,NA,NA,NA,NA,NA,NA,NA,NA,NA,NA,200,2025-08-12T00:00:00Z,NA,NA,NA,NA,2025-08-04T00:00:00Z,NA,600,NA,70.5,0.73,0.79,0.57,500000,NA,NA,NA,NA,NA,NA,NA,T. harzainum CBS245.93,MEA,none,NA,NA,NA
79,31,7,2025-08-05T00:00:00Z,20.25,NA,NA,NA,NA,NA,NA,NA,NA,NA,NA,NA,201,2025-08-19T00:00:00Z,NA,NA,NA,NA,2025-08-04T00:00:00Z,NA,600,NA,70.5,0.73,0.79,0.57,500000,NA,NA,NA,NA,NA,NA,NA,T. harzainum CBS245.93,MEA,none,NA,NA,NA
80,31,7,2025-08-05T00:00:00Z,19.55,NA,NA,NA,NA,NA,NA,NA,NA,NA,NA,NA,202,2025-08-05T00:00:00Z,0.903,none,none,NA,2025-08-04T00:00:00Z,NA,600,NA,70.5,0.73,0.79,0.57,500000,NA,NA,NA,NA,NA,NA,NA,T. harzainum CBS245.93,MEA,none,NA,NA,NA
80,31,7,2025-08-05T00:00:00Z,19.55,NA,NA,NA,NA,NA,NA,NA,NA,NA,NA,NA,203,2025-08-12T00:00:00Z,NA,NA,NA,NA,2025-08-04T00:00:00Z,NA,600,NA,70.5,0.73,0.79,0.57,500000,NA,NA,NA,NA,NA,NA,NA,T. harzainum CBS245.93,MEA,none,NA,NA,NA
80,31,7,2025-08-05T00:00:00Z,19.55,NA,NA,NA,NA,NA,NA,NA,NA,NA,NA,NA,204,2025-08-19T00:00:00Z,NA,NA,NA,NA,2025-08-04T00:00:00Z,NA,600,NA,70.5,0.73,0.79,0.57,500000,NA,NA,NA,NA,NA,NA,NA,T. harzainum CBS245.93,MEA,none,NA,NA,NA
81,32,7,2025-08-05T00:00:00Z,21.83,NA,NA,NA,NA,NA,NA,NA,NA,NA,NA,NA,205,2025-08-05T00:00:00Z,0.715,none,none,NA,2025-08-04T00:00:00Z,NA,600,NA,70.5,0.73,0.79,0.57,500000,NA,NA,NA,NA,NA,NA,NA,T. gamsii,MEA,none,NA,NA,NA
81,32,7,2025-08-05T00:00:00Z,21.83,NA,NA,NA,NA,NA,NA,NA,NA,NA,NA,NA,206,2025-08-12T00:00:00Z,NA,NA,NA,NA,2025-08-04T00:00:00Z,NA,600,NA,70.5,0.73,0.79,0.57,500000,NA,NA,NA,NA,NA,NA,NA,T. gamsii,MEA,none,NA,NA,NA
81,32,7,2025-08-05T00:00:00Z,21.83,NA,NA,NA,NA,NA,NA,NA,NA,NA,NA,NA,207,2025-08-19T00:00:00Z,NA,NA,NA,NA,2025-08-04T00:00:00Z,NA,600,NA,70.5,0.73,0.79,0.57,500000,NA,NA,NA,NA,NA,NA,NA,T. gamsii,MEA,none,NA,NA,NA
82,32,7,2025-08-05T00:00:00Z,24.31,NA,NA,NA,NA,NA,NA,NA,NA,NA,NA,NA,208,2025-08-05T00:00:00Z,0.884,none,none,NA,2025-08-04T00:00:00Z,NA,600,NA,70.5,0.73,0.79,0.57,500000,NA,NA,NA,NA,NA,NA,NA,T. gamsii,MEA,none,NA,NA,NA
82,32,7,2025-08-05T00:00:00Z,24.31,NA,NA,NA,NA,NA,NA,NA,NA,NA,NA,NA,209,2025-08-12T00:00:00Z,NA,NA,NA,NA,2025-08-04T00:00:00Z,NA,600,NA,70.5,0.73,0.79,0.57,500000,NA,NA,NA,NA,NA,NA,NA,T. gamsii,MEA,none,NA,NA,NA
82,32,7,2025-08-05T00:00:00Z,24.31,NA,NA,NA,NA,NA,NA,NA,NA,NA,NA,NA,210,2025-08-19T00:00:00Z,NA,NA,NA,NA,2025-08-04T00:00:00Z,NA,600,NA,70.5,0.73,0.79,0.57,500000,NA,NA,NA,NA,NA,NA,NA,T. gamsii,MEA,none,NA,NA,NA
83,32,7,2025-08-05T00:00:00Z,22.93,NA,NA,NA,NA,NA,NA,NA,NA,NA,NA,NA,211,2025-08-05T00:00:00Z,0.684,none,none,NA,2025-08-04T00:00:00Z,NA,600,NA,70.5,0.73,0.79,0.57,500000,NA,NA,NA,NA,NA,NA,NA,T. gamsii,MEA,none,NA,NA,NA
83,32,7,2025-08-05T00:00:00Z,22.93,NA,NA,NA,NA,NA,NA,NA,NA,NA,NA,NA,212,2025-08-12T00:00:00Z,NA,NA,NA,NA,2025-08-04T00:00:00Z,NA,600,NA,70.5,0.73,0.79,0.57,500000,NA,NA,NA,NA,NA,NA,NA,T. gamsii,MEA,none,NA,NA,NA
83,32,7,2025-08-05T00:00:00Z,22.93,NA,NA,NA,NA,NA,NA,NA,NA,NA,NA,NA,213,2025-08-19T00:00:00Z,NA,NA,NA,NA,2025-08-04T00:00:00Z,NA,600,NA,70.5,0.73,0.79,0.57,500000,NA,NA,NA,NA,NA,NA,NA,T. gamsii,MEA,none,NA,NA,NA
84,33,7,2025-08-05T00:00:00Z,22.66,NA,NA,NA,NA,NA,NA,NA,NA,NA,NA,NA,214,2025-08-05T00:00:00Z,0.67,none,none,NA,2025-08-04T00:00:00Z,NA,600,NA,70.5,0.73,0.79,0.57,500000,NA,NA,NA,NA,NA,NA,NA,T. harzainum CBS245.93,MEA,none,NA,NA,NA
84,33,7,2025-08-05T00:00:00Z,22.66,NA,NA,NA,NA,NA,NA,NA,NA,NA,NA,NA,215,2025-08-12T00:00:00Z,NA,NA,NA,NA,2025-08-04T00:00:00Z,NA,600,NA,70.5,0.73,0.79,0.57,500000,NA,NA,NA,NA,NA,NA,NA,T. harzainum CBS245.93,MEA,none,NA,NA,NA
84,33,7,2025-08-05T00:00:00Z,22.66,NA,NA,NA,NA,NA,NA,NA,NA,NA,NA,NA,216,2025-08-19T00:00:00Z,NA,NA,NA,NA,2025-08-04T00:00:00Z,NA,600,NA,70.5,0.73,0.79,0.57,500000,NA,NA,NA,NA,NA,NA,NA,T. harzainum CBS245.93,MEA,none,NA,NA,NA
85,33,7,2025-08-05T00:00:00Z,22.61,NA,NA,NA,NA,NA,NA,NA,NA,NA,NA,NA,217,2025-08-05T00:00:00Z,0.674,none,none,NA,2025-08-04T00:00:00Z,NA,600,NA,70.5,0.73,0.79,0.57,500000,NA,NA,NA,NA,NA,NA,NA,T. harzainum CBS245.93,MEA,none,NA,NA,NA
85,33,7,2025-08-05T00:00:00Z,22.61,NA,NA,NA,NA,NA,NA,NA,NA,NA,NA,NA,218,2025-08-12T00:00:00Z,NA,NA,NA,NA,2025-08-04T00:00:00Z,NA,600,NA,70.5,0.73,0.79,0.57,500000,NA,NA,NA,NA,NA,NA,NA,T. harzainum CBS245.93,MEA,none,NA,NA,NA
85,33,7,2025-08-05T00:00:00Z,22.61,NA,NA,NA,NA,NA,NA,NA,NA,NA,NA,NA,219,2025-08-19T00:00:00Z,NA,NA,NA,NA,2025-08-04T00:00:00Z,NA,600,NA,70.5,0.73,0.79,0.57,500000,NA,NA,NA,NA,NA,NA,NA,T. harzainum CBS245.93,MEA,none,NA,NA,NA
86,33,7,2025-08-05T00:00:00Z,22.06,NA,NA,NA,NA,NA,NA,NA,NA,NA,NA,NA,220,2025-08-05T00:00:00Z,0.773,none,none,NA,2025-08-04T00:00:00Z,NA,600,NA,70.5,0.73,0.79,0.57,500000,NA,NA,NA,NA,NA,NA,NA,T. harzainum CBS245.93,MEA,none,NA,NA,NA
86,33,7,2025-08-05T00:00:00Z,22.06,NA,NA,NA,NA,NA,NA,NA,NA,NA,NA,NA,221,2025-08-12T00:00:00Z,NA,NA,NA,NA,2025-08-04T00:00:00Z,NA,600,NA,70.5,0.73,0.79,0.57,500000,NA,NA,NA,NA,NA,NA,NA,T. harzainum CBS245.93,MEA,none,NA,NA,NA
86,33,7,2025-08-05T00:00:00Z,22.06,NA,NA,NA,NA,NA,NA,NA,NA,NA,NA,NA,222,2025-08-19T00:00:00Z,NA,NA,NA,NA,2025-08-04T00:00:00Z,NA,600,NA,70.5,0.73,0.79,0.57,500000,NA,NA,NA,NA,NA,NA,NA,T. harzainum CBS245.93,MEA,none,NA,NA,NA
87,34,7,2025-08-05T00:00:00Z,19.68,NA,NA,NA,NA,NA,NA,NA,NA,NA,NA,NA,223,2025-08-05T00:00:00Z,0.727,none,none,NA,2025-08-04T00:00:00Z,NA,600,NA,70.5,0.73,0.79,0.57,500000,NA,NA,NA,NA,NA,NA,NA,ctrl,MEA,none,NA,NA,NA
87,34,7,2025-08-05T00:00:00Z,19.68,NA,NA,NA,NA,NA,NA,NA,NA,NA,NA,NA,224,2025-08-12T00:00:00Z,NA,NA,NA,NA,2025-08-04T00:00:00Z,NA,600,NA,70.5,0.73,0.79,0.57,500000,NA,NA,NA,NA,NA,NA,NA,ctrl,MEA,none,NA,NA,NA
87,34,7,2025-08-05T00:00:00Z,19.68,NA,NA,NA,NA,NA,NA,NA,NA,NA,NA,NA,225,2025-08-19T00:00:00Z,NA,NA,NA,NA,2025-08-04T00:00:00Z,NA,600,NA,70.5,0.73,0.79,0.57,500000,NA,NA,NA,NA,NA,NA,NA,ctrl,MEA,none,NA,NA,NA
88,34,7,2025-08-05T00:00:00Z,21.96,NA,NA,NA,NA,NA,NA,NA,NA,NA,NA,NA,226,2025-08-05T00:00:00Z,0.752,none,none,NA,2025-08-04T00:00:00Z,NA,600,NA,70.5,0.73,0.79,0.57,500000,NA,NA,NA,NA,NA,NA,NA,ctrl,MEA,none,NA,NA,NA
88,34,7,2025-08-05T00:00:00Z,21.96,NA,NA,NA,NA,NA,NA,NA,NA,NA,NA,NA,227,2025-08-12T00:00:00Z,NA,NA,NA,NA,2025-08-04T00:00:00Z,NA,600,NA,70.5,0.73,0.79,0.57,500000,NA,NA,NA,NA,NA,NA,NA,ctrl,MEA,none,NA,NA,NA
88,34,7,2025-08-05T00:00:00Z,21.96,NA,NA,NA,NA,NA,NA,NA,NA,NA,NA,NA,228,2025-08-19T00:00:00Z,NA,NA,NA,NA,2025-08-04T00:00:00Z,NA,600,NA,70.5,0.73,0.79,0.57,500000,NA,NA,NA,NA,NA,NA,NA,ctrl,MEA,none,NA,NA,NA
89,34,7,2025-08-05T00:00:00Z,23.62,NA,NA,NA,NA,NA,NA,NA,NA,NA,NA,NA,229,2025-08-05T00:00:00Z,0.616,none,none,NA,2025-08-04T00:00:00Z,NA,600,NA,70.5,0.73,0.79,0.57,500000,NA,NA,NA,NA,NA,NA,NA,ctrl,MEA,none,NA,NA,NA
89,34,7,2025-08-05T00:00:00Z,23.62,NA,NA,NA,NA,NA,NA,NA,NA,NA,NA,NA,230,2025-08-12T00:00:00Z,NA,NA,NA,NA,2025-08-04T00:00:00Z,NA,600,NA,70.5,0.73,0.79,0.57,500000,NA,NA,NA,NA,NA,NA,NA,ctrl,MEA,none,NA,NA,NA
89,34,7,2025-08-05T00:00:00Z,23.62,NA,NA,NA,NA,NA,NA,NA,NA,NA,NA,NA,231,2025-08-19T00:00:00Z,NA,NA,NA,NA,2025-08-04T00:00:00Z,NA,600,NA,70.5,0.73,0.79,0.57,500000,NA,NA,NA,NA,NA,NA,NA,ctrl,MEA,none,NA,NA,NA
90,35,7,2025-08-05T00:00:00Z,19.91,NA,NA,NA,NA,NA,NA,NA,NA,NA,NA,NA,232,2025-08-05T00:00:00Z,0.651,none,none,NA,2025-08-04T00:00:00Z,NA,600,NA,70.5,0.73,0.79,0.57,500000,NA,NA,NA,NA,NA,NA,NA,F33 Sordaria,MEA,none,NA,NA,NA
90,35,7,2025-08-05T00:00:00Z,19.91,NA,NA,NA,NA,NA,NA,NA,NA,NA,NA,NA,233,2025-08-12T00:00:00Z,NA,NA,NA,NA,2025-08-04T00:00:00Z,NA,600,NA,70.5,0.73,0.79,0.57,500000,NA,NA,NA,NA,NA,NA,NA,F33 Sordaria,MEA,none,NA,NA,NA
90,35,7,2025-08-05T00:00:00Z,19.91,NA,NA,NA,NA,NA,NA,NA,NA,NA,NA,NA,234,2025-08-19T00:00:00Z,NA,NA,NA,NA,2025-08-04T00:00:00Z,NA,600,NA,70.5,0.73,0.79,0.57,500000,NA,NA,NA,NA,NA,NA,NA,F33 Sordaria,MEA,none,NA,NA,NA
91,35,7,2025-08-05T00:00:00Z,20.47,NA,NA,NA,NA,NA,NA,NA,NA,NA,NA,NA,235,2025-08-05T00:00:00Z,0.713,none,none,NA,2025-08-04T00:00:00Z,NA,600,NA,70.5,0.73,0.79,0.57,500000,NA,NA,NA,NA,NA,NA,NA,F33 Sordaria,MEA,none,NA,NA,NA
91,35,7,2025-08-05T00:00:00Z,20.47,NA,NA,NA,NA,NA,NA,NA,NA,NA,NA,NA,236,2025-08-12T00:00:00Z,NA,NA,NA,NA,2025-08-04T00:00:00Z,NA,600,NA,70.5,0.73,0.79,0.57,500000,NA,NA,NA,NA,NA,NA,NA,F33 Sordaria,MEA,none,NA,NA,NA
91,35,7,2025-08-05T00:00:00Z,20.47,NA,NA,NA,NA,NA,NA,NA,NA,NA,NA,NA,237,2025-08-19T00:00:00Z,NA,NA,NA,NA,2025-08-04T00:00:00Z,NA,600,NA,70.5,0.73,0.79,0.57,500000,NA,NA,NA,NA,NA,NA,NA,F33 Sordaria,MEA,none,NA,NA,NA
92,35,7,2025-08-05T00:00:00Z,22.2,NA,NA,NA,NA,NA,NA,NA,NA,NA,NA,NA,238,2025-08-05T00:00:00Z,0.661,none,none,NA,2025-08-04T00:00:00Z,NA,600,NA,70.5,0.73,0.79,0.57,500000,NA,NA,NA,NA,NA,NA,NA,F33 Sordaria,MEA,none,NA,NA,NA
92,35,7,2025-08-05T00:00:00Z,22.2,NA,NA,NA,NA,NA,NA,NA,NA,NA,NA,NA,239,2025-08-12T00:00:00Z,NA,NA,NA,NA,2025-08-04T00:00:00Z,NA,600,NA,70.5,0.73,0.79,0.57,500000,NA,NA,NA,NA,NA,NA,NA,F33 Sordaria,MEA,none,NA,NA,NA
92,35,7,2025-08-05T00:00:00Z,22.2,NA,NA,NA,NA,NA,NA,NA,NA,NA,NA,NA,240,2025-08-19T00:00:00Z,NA,NA,NA,NA,2025-08-04T00:00:00Z,NA,600,NA,70.5,0.73,0.79,0.57,500000,NA,NA,NA,NA,NA,NA,NA,F33 Sordaria,MEA,none,NA,NA,NA
93,36,7,2025-08-05T00:00:00Z,21.55,NA,NA,NA,NA,NA,NA,NA,NA,NA,NA,NA,241,2025-08-05T00:00:00Z,0.738,none,none,NA,2025-08-04T00:00:00Z,NA,600,NA,70.5,0.73,0.79,0.57,500000,NA,NA,NA,NA,NA,NA,NA,F35 Sordaria,MEA,none,NA,NA,NA
93,36,7,2025-08-05T00:00:00Z,21.55,NA,NA,NA,NA,NA,NA,NA,NA,NA,NA,NA,242,2025-08-12T00:00:00Z,NA,NA,NA,NA,2025-08-04T00:00:00Z,NA,600,NA,70.5,0.73,0.79,0.57,500000,NA,NA,NA,NA,NA,NA,NA,F35 Sordaria,MEA,none,NA,NA,NA
93,36,7,2025-08-05T00:00:00Z,21.55,NA,NA,NA,NA,NA,NA,NA,NA,NA,NA,NA,243,2025-08-19T00:00:00Z,NA,NA,NA,NA,2025-08-04T00:00:00Z,NA,600,NA,70.5,0.73,0.79,0.57,500000,NA,NA,NA,NA,NA,NA,NA,F35 Sordaria,MEA,none,NA,NA,NA
94,36,7,2025-08-05T00:00:00Z,20.92,NA,NA,NA,NA,NA,NA,NA,NA,NA,NA,NA,244,2025-08-05T00:00:00Z,0.738,none,none,NA,2025-08-04T00:00:00Z,NA,600,NA,70.5,0.73,0.79,0.57,500000,NA,NA,NA,NA,NA,NA,NA,F35 Sordaria,MEA,none,NA,NA,NA
94,36,7,2025-08-05T00:00:00Z,20.92,NA,NA,NA,NA,NA,NA,NA,NA,NA,NA,NA,245,2025-08-12T00:00:00Z,NA,NA,NA,NA,2025-08-04T00:00:00Z,NA,600,NA,70.5,0.73,0.79,0.57,500000,NA,NA,NA,NA,NA,NA,NA,F35 Sordaria,MEA,none,NA,NA,NA
94,36,7,2025-08-05T00:00:00Z,20.92,NA,NA,NA,NA,NA,NA,NA,NA,NA,NA,NA,246,2025-08-19T00:00:00Z,NA,NA,NA,NA,2025-08-04T00:00:00Z,NA,600,NA,70.5,0.73,0.79,0.57,500000,NA,NA,NA,NA,NA,NA,NA,F35 Sordaria,MEA,none,NA,NA,NA
95,36,7,2025-08-05T00:00:00Z,22.69,NA,NA,NA,NA,NA,NA,NA,NA,NA,NA,NA,247,2025-08-05T00:00:00Z,0.742,none,none,NA,2025-08-04T00:00:00Z,NA,600,NA,70.5,0.73,0.79,0.57,500000,NA,NA,NA,NA,NA,NA,NA,F35 Sordaria,MEA,none,NA,NA,NA
95,36,7,2025-08-05T00:00:00Z,22.69,NA,NA,NA,NA,NA,NA,NA,NA,NA,NA,NA,248,2025-08-12T00:00:00Z,NA,NA,NA,NA,2025-08-04T00:00:00Z,NA,600,NA,70.5,0.73,0.79,0.57,500000,NA,NA,NA,NA,NA,NA,NA,F35 Sordaria,MEA,none,NA,NA,NA
95,36,7,2025-08-05T00:00:00Z,22.69,NA,NA,NA,NA,NA,NA,NA,NA,NA,NA,NA,249,2025-08-19T00:00:00Z,NA,NA,NA,NA,2025-08-04T00:00:00Z,NA,600,NA,70.5,0.73,0.79,0.57,500000,NA,NA,NA,NA,NA,NA,NA,F35 Sordaria,MEA,none,NA,NA,NA
96,37,7,2025-08-05T00:00:00Z,22.8,NA,NA,NA,NA,NA,NA,NA,NA,NA,NA,NA,250,2025-08-05T00:00:00Z,0.73,none,none,NA,2025-08-04T00:00:00Z,NA,600,NA,70.5,0.73,0.79,0.57,500000,NA,NA,NA,NA,NA,NA,NA,Panaeolous,MEA,none,NA,NA,NA
96,37,7,2025-08-05T00:00:00Z,22.8,NA,NA,NA,NA,NA,NA,NA,NA,NA,NA,NA,251,2025-08-12T00:00:00Z,NA,NA,NA,NA,2025-08-04T00:00:00Z,NA,600,NA,70.5,0.73,0.79,0.57,500000,NA,NA,NA,NA,NA,NA,NA,Panaeolous,MEA,none,NA,NA,NA
96,37,7,2025-08-05T00:00:00Z,22.8,NA,NA,NA,NA,NA,NA,NA,NA,NA,NA,NA,252,2025-08-19T00:00:00Z,NA,NA,NA,NA,2025-08-04T00:00:00Z,NA,600,NA,70.5,0.73,0.79,0.57,500000,NA,NA,NA,NA,NA,NA,NA,Panaeolous,MEA,none,NA,NA,NA
97,38,7,2025-08-05T00:00:00Z,19.1,NA,NA,NA,NA,NA,NA,NA,NA,NA,NA,NA,253,2025-08-05T00:00:00Z,0.69,none,none,NA,2025-08-04T00:00:00Z,NA,600,NA,70.5,0.73,0.79,0.57,500000,NA,NA,NA,NA,NA,NA,NA,F39 Thermo tolerant,MEA,none,NA,NA,NA
97,38,7,2025-08-05T00:00:00Z,19.1,NA,NA,NA,NA,NA,NA,NA,NA,NA,NA,NA,254,2025-08-12T00:00:00Z,NA,NA,NA,NA,2025-08-04T00:00:00Z,NA,600,NA,70.5,0.73,0.79,0.57,500000,NA,NA,NA,NA,NA,NA,NA,F39 Thermo tolerant,MEA,none,NA,NA,NA
97,38,7,2025-08-05T00:00:00Z,19.1,NA,NA,NA,NA,NA,NA,NA,NA,NA,NA,NA,255,2025-08-19T00:00:00Z,NA,NA,NA,NA,2025-08-04T00:00:00Z,NA,600,NA,70.5,0.73,0.79,0.57,500000,NA,NA,NA,NA,NA,NA,NA,F39 Thermo tolerant,MEA,none,NA,NA,NA
