id_treatment,id_inoc,id_faeces,starting_date,weight_0dpi,weight_14dpi,water_content_14dpi,ph_14dpi,collection_date_1,collection_date_2,total-weight,ph,water_content,sample_weight_1,sample_weight_2,sample_weight_3,dilution_factor_ecoli,dilution_factor_enterococcus,e_coli_counted_1,e_coli_counted_2,e_coli_counted_3,enterococcus_counted_1,enterococcus_counted_2,enterococcus_counted_3,species,material,material_2,mass,production_date,forming_date,n_bacteria_samples,ecoli_mean,ecoli_samples,enterococcus_samples,n_growth_measurements,area_mean,area_min,area_max
1,1,1,2025-05-08T00:00:00Z,25.7,NA,x,NA,2025-05-07T00:00:00Z,NA,240,NA,81,0.25,0.46,0.33,10,NA,48,71,66,NA,NA,NA,P. ostreatus v. Floridae,corn cobs,oatbran 10%,NA,NA,NA,NA,NA,NA,NA,NA,NA,NA,NA
2,1,1,2025-05-08T00:00:00Z,27.05,NA,NA,NA,2025-05-07T00:00:00Z,NA,240,NA,81,0.25,0.46,0.33,10,NA,48,71,66,NA,NA,NA,P. ostreatus v. Floridae,corn cobs,oatbran 10%,NA,NA,NA,NA,NA,NA,NA,NA,NA,NA,NA
3,1,1,2025-05-08T00:00:00Z,26.4,NA,NA,NA,2025-05-07T00:00:00Z,NA,240,NA,81,0.25,0.46,0.33,10,NA,48,71,66,NA,NA,NA,P. ostreatus v. Floridae,corn cobs,oatbran 10%,NA,NA,NA,NA,NA,NA,NA,NA,NA,NA,NA
4,2,1,2025-05-08T00:00:00Z,23.95,NA,NA,NA,2025-05-07T00:00:00Z,NA,240,NA,81,0.25,0.46,0.33,10,NA,48,71,66,NA,NA,NA,P. ostreatus v. Floridae,wood chips,oatbran 10%,NA,NA,NA,NA,NA,NA,NA,NA,NA,NA,NA
5,3,1,2025-05-08T00:00:00Z,26.569999999999997,NA,NA,NA,2025-05-07T00:00:00Z,NA,240,NA,81,0.25,0.46,0.33,10,NA,48,71,66,NA,NA,NA,C. comatus,corn cobs,oatbran 10%,NA,NA,NA,NA,NA,NA,NA,NA,NA,NA,NA
6,4,1,2025-05-08T00:00:00Z,26.45,NA,NA,NA,2025-05-07T00:00:00Z,NA,240,NA,81,0.25,0.46,0.33,10,NA,48,71,66,NA,NA,NA,ctrl - inactivated,corn cobs,oatbran 10%,NA,NA,NA,6,5.333333333333333,6,0,NA,NA,NA,NA
7,4,1,2025-05-08T00:00:00Z,26.17,NA,NA,NA,2025-05-07T00:00:00Z,NA,240,NA,81,0.25,0.46,0.33,10,NA,48,71,66,NA,NA,NA,ctrl - inactivated,corn cobs,oatbran 10%,NA,NA,NA,NA,NA,NA,NA,NA,NA,NA,NA
8,4,1,2025-05-08T00:00:00Z,26.31,NA,NA,NA,2025-05-07T00:00:00Z,NA,240,NA,81,0.25,0.46,0.33,10,NA,48,71,66,NA,NA,NA,ctrl - inactivated,corn cobs,oatbran 10%,NA,NA,NA,NA,NA,NA,NA,NA,NA,NA,NA
9,6,1,2025-05-08T00:00:00Z,26.74,NA,NA,NA,2025-05-07T00:00:00Z,NA,240,NA,81,0.25,0.46,0.33,10,NA,48,71,66,NA,NA,NA,Faecal isolate 1,MEA,none,NA,NA,NA,6,0.5,6,0,NA,NA,NA,NA
10,7,2,2025-07-09T00:00:00Z,20.92,NA,NA,NA,2025-07-08T00:00:00Z,NA,283,NA,77,0.66,1.15,0.69,50000,NA,109,145,100,NA,NA,NA,Faecal isolate 1,MEA,none,NA,NA,NA,1,94,1,0,3,12.981333333333334,0.64,21.902
11,7,2,2025-07-09T00:00:00Z,21.47,NA,NA,NA,2025-07-08T00:00:00Z,NA,283,NA,77,0.66,1.15,0.69,50000,NA,109,145,100,NA,NA,NA,Faecal isolate 1,MEA,none,NA,NA,NA,1,75,1,0,3,12.528666666666666,0.634,20.912
12,7,2,2025-07-09T00:00:00Z,21.85,NA,NA,NA,2025-07-08T00:00:00Z,NA,283,NA,77,0.66,1.15,0.69,50000,NA,109,145,100,NA,NA,NA,Faecal isolate 1,MEA,none,NA,NA,NA,1,91,1,0,3,10.277666666666667,0.633,17.2
13,8,2,2025-07-09T00:00:00Z,20.139999999999997,NA,NA,NA,2025-07-08T00:00:00Z,NA,283,NA,77,0.66,1.15,0.69,50000,NA,109,145,100,NA,NA,NA,Mucor spp I3,MEA,none,NA,NA,NA,1,39,1,0,3,28.258333333333336,0.695,47.514
14,8,2,2025-07-09T00:00:00Z,20.95,NA,NA,NA,2025-07-08T00:00:00Z,NA,283,NA,77,0.66,1.15,0.69,50000,NA,109,145,100,NA,NA,NA,Mucor spp I3,MEA,none,NA,NA,NA,1,170,1,0,3,33.747,0.641,52.25
15,8,2,2025-07-09T00:00:00Z,21.59,NA,NA,NA,2025-07-08T00:00:00Z,NA,283,NA,77,0.66,1.15,0.69,50000,NA,109,145,100,NA,NA,NA,Mucor spp I3,MEA,none,NA,NA,NA,1,75,1,0,3,28.717333333333336,0.642,45.52
16,9,2,2025-07-09T00:00:00Z,21.790000000000003,NA,NA,NA,2025-07-08T00:00:00Z,NA,283,NA,77,0.66,1.15,0.69,50000,NA,109,145,100,NA,NA,NA,ctrl agar without,MEA,none,NA,NA,NA,1,16,1,0,3,0.653,0.653,0.653
17,9,2,2025-07-09T00:00:00Z,21.02,NA,NA,NA,2025-07-08T00:00:00Z,NA,283,NA,77,0.66,1.15,0.69,50000,NA,109,145,100,NA,NA,NA,ctrl agar without,MEA,none,NA,NA,NA,1,0,1,0,3,0.7,0.7,0.7
18,9,2,2025-07-09T00:00:00Z,22.209999999999997,NA,NA,NA,2025-07-08T00:00:00Z,NA,283,NA,77,0.66,1.15,0.69,50000,NA,109,145,100,NA,NA,NA,ctrl agar without,MEA,none,NA,NA,NA,1,21,1,0,3,0.711,0.711,0.711
19,10,3,2025-07-10T00:00:00Z,22.209999999999997,NA,NA,NA,2025-07-09T00:00:00Z,NA,308,NA,84,0.68,0.75,0.74,50000,NA,187,191,200,NA,NA,NA,Faecal isolate 1,MEA,none,NA,NA,NA,1,85,1,0,3,22.263666666666666,0.653,42.45
20,10,3,2025-07-10T00:00:00Z,21.709999999999997,NA,NA,NA,2025-07-09T00:00:00Z,NA,308,NA,84,0.68,0.75,0.74,50000,NA,187,191,200,NA,NA,NA,Faecal isolate 1,MEA,none,NA,NA,NA,1,48,1,0,3,22.327666666666666,0.691,43.969
21,10,3,2025-07-10T00:00:00Z,21.94,NA,NA,NA,2025-07-09T00:00:00Z,NA,308,NA,84,0.68,0.75,0.74,50000,NA,187,191,200,NA,NA,NA,Faecal isolate 1,MEA,none,NA,NA,NA,1,73,1,0,3,23.076999999999998,0.821,43.687
22,11,3,2025-07-10T00:00:00Z,21.74,NA,NA,NA,2025-07-09T00:00:00Z,NA,308,NA,84,0.68,0.75,0.74,50000,NA,187,191,200,NA,NA,NA,Mucor spp I3,MEA,none,NA,NA,NA,1,72,1,0,3,29.895333333333333,0.745,59.747
23,11,3,2025-07-10T00:00:00Z,21.05,NA,NA,NA,2025-07-09T00:00:00Z,NA,308,NA,84,0.68,0.75,0.74,50000,NA,187,191,200,NA,NA,NA,Mucor spp I3,MEA,none,NA,NA,NA,1,104,1,0,3,31.631999999999998,0.648,60.544
24,11,3,2025-07-10T00:00:00Z,21.55,NA,NA,NA,2025-07-09T00:00:00Z,NA,308,NA,84,0.68,0.75,0.74,50000,NA,187,191,200,NA,NA,NA,Mucor spp I3,MEA,none,NA,NA,NA,1,106,1,0,3,30.201666666666668,0.755,59.38
25,12,3,2025-07-10T00:00:00Z,20.47,NA,NA,NA,2025-07-09T00:00:00Z,NA,308,NA,84,0.68,0.75,0.74,50000,NA,187,191,200,NA,NA,NA,Trichoderma koningiopsis,MEA,none,NA,NA,NA,NA,NA,NA,NA,3,0.787,0.787,0.787
26,12,3,2025-07-10T00:00:00Z,21.429999999999996,NA,NA,NA,2025-07-09T00:00:00Z,NA,308,NA,84,0.68,0.75,0.74,50000,NA,187,191,200,NA,NA,NA,Trichoderma koningiopsis,MEA,none,NA,NA,NA,NA,NA,NA,NA,3,0.655,0.655,0.655
27,12,3,2025-07-10T00:00:00Z,21.22,NA,NA,NA,2025-07-09T00:00:00Z,NA,308,NA,84,0.68,0.75,0.74,50000,NA,187,191,200,NA,NA,NA,Trichoderma koningiopsis,MEA,none,NA,NA,NA,NA,NA,NA,NA,3,0.675,0.675,0.675
28,12,3,2025-07-10T00:00:00Z,21.999999999999996,NA,NA,NA,2025-07-09T00:00:00Z,NA,308,NA,84,0.68,0.75,0.74,50000,NA,187,191,200,NA,NA,NA,Trichoderma koningiopsis,MEA,none,NA,NA,NA,NA,NA,NA,NA,3,0.669,0.669,0.669
29,13,3,2025-07-10T00:00:00Z,21.179999999999996,NA,NA,NA,2025-07-09T00:00:00Z,NA,308,NA,84,0.68,0.75,0.74,50000,NA,187,191,200,NA,NA,NA,ctrl agar without,MEA,none,NA,NA,NA,1,0,1,0,3,0.704,0.704,0.704
30,13,3,2025-07-10T00:00:00Z,23.02,NA,NA,NA,2025-07-09T00:00:00Z,NA,308,NA,84,0.68,0.75,0.74,50000,NA,187,191,200,NA,NA,NA,ctrl agar without,MEA,none,NA,NA,NA,1,0,1,0,3,0.646,0.646,0.646
31,13,3,2025-07-10T00:00:00Z,22.639999999999997,NA,NA,NA,2025-07-09T00:00:00Z,NA,308,NA,84,0.68,0.75,0.74,50000,NA,187,191,200,NA,NA,NA,ctrl agar without,MEA,none,NA,NA,NA,1,0,1,0,3,0.83,0.83,0.83
32,14,4,2025-07-15T00:00:00Z,20.3,NA,NA,NA,2025-07-15T00:00:00Z,NA,250,NA,87,0.67,0.57,0.95,50000,NA,57,48,102,NA,NA,NA,Faecal isolate 1,MEA,none,NA,NA,NA,NA,NA,NA,NA,3,5.773666666666667,0.644,9.803
33,14,4,2025-07-15T00:00:00Z,21.22,NA,NA,NA,2025-07-15T00:00:00Z,NA,250,NA,87,0.67,0.57,0.95,50000,NA,57,48,102,NA,NA,NA,Faecal isolate 1,MEA,none,NA,NA,NA,NA,NA,NA,NA,3,6.164,0.653,10.522
34,14,4,2025-07-15T00:00:00Z,22.01,NA,NA,NA,2025-07-15T00:00:00Z,NA,250,NA,87,0.67,0.57,0.95,50000,NA,57,48,102,NA,NA,NA,Faecal isolate 1,MEA,none,NA,NA,NA,NA,NA,NA,NA,3,3.035,0.627,4.833
35,15,4,2025-07-15T00:00:00Z,21.22,NA,NA,NA,2025-07-15T00:00:00Z,NA,250,NA,87,0.67,0.57,0.95,50000,NA,57,48,102,NA,NA,NA,Mucor spp I3,MEA,none,NA,NA,NA,NA,NA,NA,NA,3,9.412,0.77,13.826
36,15,4,2025-07-15T00:00:00Z,21.86,NA,NA,NA,2025-07-15T00:00:00Z,NA,250,NA,87,0.67,0.57,0.95,50000,NA,57,48,102,NA,NA,NA,Mucor spp I3,MEA,none,NA,NA,NA,NA,NA,NA,NA,3,7.309666666666667,0.508,12.142
37,15,4,2025-07-15T00:00:00Z,21.57,NA,NA,NA,2025-07-15T00:00:00Z,NA,250,NA,87,0.67,0.57,0.95,50000,NA,57,48,102,NA,NA,NA,Mucor spp I3,MEA,none,NA,NA,NA,NA,NA,NA,NA,3,1.2083333333333333,0.59,1.541
38,16,4,2025-07-15T00:00:00Z,21.61,NA,NA,NA,2025-07-15T00:00:00Z,NA,250,NA,87,0.67,0.57,0.95,50000,NA,57,48,102,NA,NA,NA,ctrl agar without,MEA,none,NA,NA,NA,NA,NA,NA,NA,3,0.512,0.512,0.512
39,16,4,2025-07-15T00:00:00Z,21.39,NA,NA,NA,2025-07-15T00:00:00Z,NA,250,NA,87,0.67,0.57,0.95,50000,NA,57,48,102,NA,NA,NA,ctrl agar without,MEA,none,NA,NA,NA,NA,NA,NA,NA,3,0.503,0.503,0.503
40,16,4,2025-07-15T00:00:00Z,22.02,NA,NA,NA,2025-07-15T00:00:00Z,NA,250,NA,87,0.67,0.57,0.95,50000,NA,57,48,102,NA,NA,NA,ctrl agar without,MEA,none,NA,NA,NA,NA,NA,NA,NA,3,0.484,0.484,0.484
41,17,4,2025-07-15T00:00:00Z,20.99,NA,NA,NA,2025-07-15T00:00:00Z,NA,250,NA,87,0.67,0.57,0.95,50000,NA,57,48,102,NA,NA,NA,T. gamsii,MEA,none,NA,NA,NA,NA,NA,NA,NA,6,0.9823333333333333,0.658,1.236
42,18,4,2025-07-15T00:00:00Z,21.26,NA,NA,NA,2025-07-15T00:00:00Z,NA,250,NA,87,0.67,0.57,0.95,50000,NA,57,48,102,NA,NA,NA,T. koningii,MEA,none,NA,NA,NA,NA,NA,NA,NA,3,0.7593333333333333,0.667,0.813
43,19,5,2025-07-22T00:00:00Z,23.07,NA,NA,NA,2025-07-21T00:00:00Z,NA,450,NA,80,0.54,0.7,0.78,200000,NA,126,200,182,NA,NA,NA,T. gamsii,MEA,none,NA,NA,NA,NA,NA,NA,NA,3,0.725,0.725,0.725
44,19,5,2025-07-22T00:00:00Z,23.49,NA,NA,NA,2025-07-21T00:00:00Z,NA,450,NA,80,0.54,0.7,0.78,200000,NA,126,200,182,NA,NA,NA,T. gamsii,MEA,none,NA,NA,NA,NA,NA,NA,NA,3,3.138,0.756,7.493
45,19,5,2025-07-22T00:00:00Z,21.91,NA,NA,NA,2025-07-21T00:00:00Z,NA,450,NA,80,0.54,0.7,0.78,200000,NA,126,200,182,NA,NA,NA,T. gamsii,MEA,none,NA,NA,NA,NA,NA,NA,NA,3,0.9646666666666667,0.781,1.206
46,20,5,2025-07-22T00:00:00Z,22.33,NA,NA,NA,2025-07-21T00:00:00Z,NA,450,NA,80,0.54,0.7,0.78,200000,NA,126,200,182,NA,NA,NA,T. veluntinum,MEA,none,NA,NA,NA,NA,NA,NA,NA,3,5.2363333333333335,0.651,12.513
47,20,5,2025-07-22T00:00:00Z,23.34,NA,NA,NA,2025-07-21T00:00:00Z,NA,450,NA,80,0.54,0.7,0.78,200000,NA,126,200,182,NA,NA,NA,T. veluntinum,MEA,none,NA,NA,NA,NA,NA,NA,NA,3,0.728,0.728,0.728
48,20,5,2025-07-22T00:00:00Z,23.33,NA,NA,NA,2025-07-21T00:00:00Z,NA,450,NA,80,0.54,0.7,0.78,200000,NA,126,200,182,NA,NA,NA,T. veluntinum,MEA,none,NA,NA,NA,NA,NA,NA,NA,3,1.8636666666666668,0.649,2.471
49,21,5,2025-07-22T00:00:00Z,22.66,NA,NA,NA,2025-07-21T00:00:00Z,NA,450,NA,80,0.54,0.7,0.78,200000,NA,126,200,182,NA,NA,NA,T. harzianum CBS245.93,MEA,none,NA,NA,NA,NA,NA,NA,NA,3,2.7373333333333334,0.625,4.491
50,21,5,2025-07-22T00:00:00Z,22.93,NA,NA,NA,2025-07-21T00:00:00Z,NA,450,NA,80,0.54,0.7,0.78,200000,NA,126,200,182,NA,NA,NA,T. harzianum CBS245.93,MEA,none,NA,NA,NA,NA,NA,NA,NA,3,3.005666666666667,0.64,5.014
51,21,5,2025-07-22T00:00:00Z,21.07,NA,NA,NA,2025-07-21T00:00:00Z,NA,450,NA,80,0.54,0.7,0.78,200000,NA,126,200,182,NA,NA,NA,T. harzianum CBS245.93,MEA,none,NA,NA,NA,NA,NA,NA,NA,3,3.0966666666666667,0.662,4.314
52,22,5,2025-07-22T00:00:00Z,23.35,NA,NA,NA,2025-07-21T00:00:00Z,NA,450,NA,80,0.54,0.7,0.78,200000,NA,126,200,182,NA,NA,NA,ctrl,MEA,none,NA,NA,NA,NA,NA,NA,NA,3,0.667,0.667,0.667
53,22,5,2025-07-22T00:00:00Z,22.77,NA,NA,NA,2025-07-21T00:00:00Z,NA,450,NA,80,0.54,0.7,0.78,200000,NA,126,200,182,NA,NA,NA,ctrl,MEA,none,NA,NA,NA,NA,NA,NA,NA,3,0.68,0.68,0.68
54,22,5,2025-07-22T00:00:00Z,21.78,NA,NA,NA,2025-07-21T00:00:00Z,NA,450,NA,80,0.54,0.7,0.78,200000,NA,126,200,182,NA,NA,NA,ctrl,MEA,none,NA,NA,NA,NA,NA,NA,NA,3,0.55,0.55,0.55
55,23,5,2025-07-22T00:00:00Z,22.51,NA,NA,NA,2025-07-21T00:00:00Z,NA,450,NA,80,0.54,0.7,0.78,200000,NA,126,200,182,NA,NA,NA,T. virens,MEA,none,NA,NA,NA,NA,NA,NA,NA,3,0.8686666666666666,0.694,1.218
56,23,5,2025-07-22T00:00:00Z,24.32,NA,NA,NA,2025-07-21T00:00:00Z,NA,450,NA,80,0.54,0.7,0.78,200000,NA,126,200,182,NA,NA,NA,T. virens,MEA,none,NA,NA,NA,NA,NA,NA,NA,3,0.773,0.707,0.835
57,23,5,2025-07-22T00:00:00Z,24.34,NA,NA,NA,2025-07-21T00:00:00Z,NA,450,NA,80,0.54,0.7,0.78,200000,NA,126,200,182,NA,NA,NA,T. virens,MEA,none,NA,NA,NA,NA,NA,NA,NA,3,1.1443333333333334,0.68,1.469
58,24,5,2025-07-22T00:00:00Z,22.96,NA,NA,NA,2025-07-21T00:00:00Z,NA,450,NA,80,0.54,0.7,0.78,200000,NA,126,200,182,NA,NA,NA,T. atroviridae,MEA,none,NA,NA,NA,NA,NA,NA,NA,3,0.5383333333333333,0.519,0.561
59,24,5,2025-07-22T00:00:00Z,22.65,NA,NA,NA,2025-07-21T00:00:00Z,NA,450,NA,80,0.54,0.7,0.78,200000,NA,126,200,182,NA,NA,NA,T. atroviridae,MEA,none,NA,NA,NA,NA,NA,NA,NA,3,0.564,0.564,0.564
60,24,5,2025-07-22T00:00:00Z,23.23,NA,NA,NA,2025-07-21T00:00:00Z,NA,450,NA,80,0.54,0.7,0.78,200000,NA,126,200,182,NA,NA,NA,T. atroviridae,MEA,none,NA,NA,NA,NA,NA,NA,NA,3,0.6326666666666667,0.598,0.655
61,25,5,2025-07-22T00:00:00Z,23.32,NA,NA,NA,2025-07-21T00:00:00Z,NA,450,NA,80,0.54,0.7,0.78,200000,NA,126,200,182,NA,NA,NA,T. harzianum T22,MEA,none,NA,NA,NA,NA,NA,NA,NA,3,2.2176666666666667,0.788,2.97
62,25,5,2025-07-22T00:00:00Z,22.7,NA,NA,NA,2025-07-21T00:00:00Z,NA,450,NA,80,0.54,0.7,0.78,200000,NA,126,200,182,NA,NA,NA,T. harzianum T22,MEA,none,NA,NA,NA,NA,NA,NA,NA,3,2.4103333333333334,0.707,3.601
63,26,6,2025-07-24T00:00:00Z,21.88,NA,NA,NA,2025-07-23T00:00:00Z,NA,310,NA,69.7,0.61,0.64,0.46,1000000,NA,162,177,113,NA,NA,NA,T. harzianum T22,MEA,none,NA,NA,NA,NA,NA,NA,NA,2,0.749,0.749,0.749
64,26,6,2025-07-24T00:00:00Z,23.11,NA,NA,NA,2025-07-23T00:00:00Z,NA,310,NA,69.7,0.61,0.64,0.46,1000000,NA,162,177,113,NA,NA,NA,T. harzianum T22,MEA,none,NA,NA,NA,NA,NA,NA,NA,2,0.762,0.762,0.762
65,26,6,2025-07-24T00:00:00Z,21.41,NA,NA,NA,2025-07-23T00:00:00Z,NA,310,NA,69.7,0.61,0.64,0.46,1000000,NA,162,177,113,NA,NA,NA,T. harzianum T22,MEA,none,NA,NA,NA,NA,NA,NA,NA,2,0.748,0.748,0.748
66,27,6,2025-07-24T00:00:00Z,22.62,NA,NA,NA,2025-07-23T00:00:00Z,NA,310,NA,69.7,0.61,0.64,0.46,1000000,NA,162,177,113,NA,NA,NA,T. harzianum CBS245.93,MEA,none,NA,NA,NA,NA,NA,NA,NA,2,0.68,0.68,0.68
67,27,6,2025-07-24T00:00:00Z,22.68,NA,NA,NA,2025-07-23T00:00:00Z,NA,310,NA,69.7,0.61,0.64,0.46,1000000,NA,162,177,113,NA,NA,NA,T. harzianum CBS245.93,MEA,none,NA,NA,NA,NA,NA,NA,NA,2,0.767,0.767,0.767
68,27,6,2025-07-24T00:00:00Z,22.08,NA,NA,NA,2025-07-23T00:00:00Z,NA,310,NA,69.7,0.61,0.64,0.46,1000000,NA,162,177,113,NA,NA,NA,T. harzianum CBS245.93,MEA,none,NA,NA,NA,NA,NA,NA,NA,2,0.754,0.754,0.754
69,28,6,2025-07-24T00:00:00Z,22.66,NA,NA,NA,2025-07-23T00:00:00Z,NA,310,NA,69.7,0.61,0.64,0.46,1000000,NA,162,177,113,NA,NA,NA,T. gamsii,MEA,none,NA,NA,NA,NA,NA,NA,NA,2,0.721,0.721,0.721
70,28,6,2025-07-24T00:00:00Z,21.66,NA,NA,NA,2025-07-23T00:00:00Z,NA,310,NA,69.7,0.61,0.64,0.46,1000000,NA,162,177,113,NA,NA,NA,T. gamsii,MEA,none,NA,NA,NA,NA,NA,NA,NA,2,0.691,0.691,0.691
71,28,6,2025-07-24T00:00:00Z,21.5,NA,NA,NA,2025-07-23T00:00:00Z,NA,310,NA,69.7,0.61,0.64,0.46,1000000,NA,162,177,113,NA,NA,NA,T. gamsii,MEA,none,NA,NA,NA,NA,NA,NA,NA,2,0.828,0.828,0.828
72,29,6,2025-07-24T00:00:00Z,21.87,NA,NA,NA,2025-07-23T00:00:00Z,NA,310,NA,69.7,0.61,0.64,0.46,1000000,NA,162,177,113,NA,NA,NA,ctrl,MEA,none,NA,NA,NA,NA,NA,NA,NA,2,0.85,0.85,0.85
73,29,6,2025-07-24T00:00:00Z,22,NA,NA,NA,2025-07-23T00:00:00Z,NA,310,NA,69.7,0.61,0.64,0.46,1000000,NA,162,177,113,NA,NA,NA,ctrl,MEA,none,NA,NA,NA,NA,NA,NA,NA,2,0.852,0.852,0.852
74,29,6,2025-07-24T00:00:00Z,21.85,NA,NA,NA,2025-07-23T00:00:00Z,NA,310,NA,69.7,0.61,0.64,0.46,1000000,NA,162,177,113,NA,NA,NA,ctrl,MEA,none,NA,NA,NA,NA,NA,NA,NA,2,0.707,0.707,0.707
75,30,7,2025-08-05T00:00:00Z,22.81,NA,NA,NA,2025-08-04T00:00:00Z,NA,600,NA,70.5,0.73,0.79,0.57,500000,NA,NA,NA,NA,NA,NA,NA,T. harzianum T22,MEA,none,NA,NA,NA,NA,NA,NA,NA,3,0.648,0.648,0.648
76,30,7,2025-08-05T00:00:00Z,23,NA,NA,NA,2025-08-04T00:00:00Z,NA,600,NA,70.5,0.73,0.79,0.57,500000,NA,NA,NA,NA,NA,NA,NA,T. harzianum T22,MEA,none,NA,NA,NA,NA,NA,NA,NA,3,0.731,0.731,0.731
77,30,7,2025-08-05T00:00:00Z,23.91,NA,NA,NA,2025-08-04T00:00:00Z,NA,600,NA,70.5,0.73,0.79,0.57,500000,NA,NA,NA,NA,NA,NA,NA,T. harzianum T22,MEA,none,NA,NA,NA,NA,NA,NA,NA,3,0.752,0.752,0.752
78,31,7,2025-08-05T00:00:00Z,22.83,NA,NA,NA,2025-08-04T00:00:00Z,NA,600,NA,70.5,0.73,0.79,0.57,500000,NA,NA,NA,NA,NA,NA,NA,T. harzainum CBS245.93,MEA,none,NA,NA,NA,NA,NA,NA,NA,3,0.77,0.77,0.77
79,31,7,2025-08-05T00:00:00Z,20.25,NA,NA,NA,2025-08-04T00:00:00Z,NA,600,NA,70.5,0.73,0.79,0.57,500000,NA,NA,NA,NA,NA,NA,NA,T. harzainum CBS245.93,MEA,none,NA,NA,NA,NA,NA,NA,NA,3,1.074,1.074,1.074
80,31,7,2025-08-05T00:00:00Z,19.55,NA,NA,NA,2025-08-04T00:00:00Z,NA,600,NA,70.5,0.73,0.79,0.57,500000,NA,NA,NA,NA,NA,NA,NA,T. harzainum CBS245.93,MEA,none,NA,NA,NA,NA,NA,NA,NA,3,0.903,0.903,0.903
81,32,7,2025-08-05T00:00:00Z,21.83,NA,NA,NA,2025-08-04T00:00:00Z,NA,600,NA,70.5,0.73,0.79,0.57,500000,NA,NA,NA,NA,NA,NA,NA,T. gamsii,MEA,none,NA,NA,NA,NA,NA,NA,NA,3,0.715,0.715,0.715
82,32,7,2025-08-05T00:00:00Z,24.31,NA,NA,NA,2025-08-04T00:00:00Z,NA,600,NA,70.5,0.73,0.79,0.57,500000,NA,NA,NA,NA,NA,NA,NA,T. gamsii,MEA,none,NA,NA,NA,NA,NA,NA,NA,3,0.884,0.884,0.884
83,32,7,2025-08-05T00:00:00Z,22.93,NA,NA,NA,2025-08-04T00:00:00Z,NA,600,NA,70.5,0.73,0.79,0.57,500000,NA,NA,NA,NA,NA,NA,NA,T. gamsii,MEA,none,NA,NA,NA,NA,NA,NA,NA,3,0.684,0.684,0.684
84,33,7,2025-08-05T00:00:00Z,22.66,NA,NA,NA,2025-08-04T00:00:00Z,NA,600,NA,70.5,0.73,0.79,0.57,500000,NA,NA,NA,NA,NA,NA,NA,T. harzainum CBS245.93,MEA,none,NA,NA,NA,NA,NA,NA,NA,3,0.67,0.67,0.67
85,33,7,2025-08-05T00:00:00Z,22.61,NA,NA,NA,2025-08-04T00:00:00Z,NA,600,NA,70.5,0.73,0.79,0.57,500000,NA,NA,NA,NA,NA,NA,NA,T. harzainum CBS245.93,MEA,none,NA,NA,NA,NA,NA,NA,NA,3,0.674,0.674,0.674
86,33,7,2025-08-05T00:00:00Z,22.06,NA,NA,NA,2025-08-04T00:00:00Z,NA,600,NA,70.5,0.73,0.79,0.57,500000,NA,NA,NA,NA,NA,NA,NA,T. harzainum CBS245.93,MEA,none,NA,NA,NA,NA,NA,NA,NA,3,0.773,0.773,0.773
87,34,7,2025-08-05T00:00:00Z,19.68,NA,NA,NA,2025-08-04T00:00:00Z,NA,600,NA,70.5,0.73,0.79,0.57,500000,NA,NA,NA,NA,NA,NA,NA,ctrl,MEA,none,NA,NA,NA,NA,NA,NA,NA,3,0.727,0.727,0.727
88,34,7,2025-08-05T00:00:00Z,21.96,NA,NA,NA,2025-08-04T00:00:00Z,NA,600,NA,70.5,0.73,0.79,0.57,500000,NA,NA,NA,NA,NA,NA,NA,ctrl,MEA,none,NA,NA,NA,NA,NA,NA,NA,3,0.752,0.752,0.752
89,34,7,2025-08-05T00:00:00Z,23.62,NA,NA,NA,2025-08-04T00:00:00Z,NA,600,NA,70.5,0.73,0.79,0.57,500000,NA,NA,NA,NA,NA,NA,NA,ctrl,MEA,none,NA,NA,NA,NA,NA,NA,NA,3,0.616,0.616,0.616
90,35,7,2025-08-05T00:00:00Z,19.91,NA,NA,NA,2025-08-04T00:00:00Z,NA,600,NA,70.5,0.73,0.79,0.57,500000,NA,NA,NA,NA,NA,NA,NA,F33 Sordaria,MEA,none,NA,NA,NA,NA,NA,NA,NA,3,0.651,0.651,0.651
91,35,7,2025-08-05T00:00:00Z,20.47,NA,NA,NA,2025-08-04T00:00:00Z,NA,600,NA,70.5,0.73,0.79,0.57,500000,NA,NA,NA,NA,NA,NA,NA,F33 Sordaria,MEA,none,NA,NA,NA,NA,NA,NA,NA,3,0.713,0.713,0.713
92,35,7,2025-08-05T00:00:00Z,22.2,NA,NA,NA,2025-08-04T00:00:00Z,NA,600,NA,70.5,0.73,0.79,0.57,500000,NA,NA,NA,NA,NA,NA,NA,F33 Sordaria,MEA,none,NA,NA,NA,NA,NA,NA,NA,3,0.661,0.661,0.661
93,36,7,2025-08-05T00:00:00Z,21.55,NA,NA,NA,2025-08-04T00:00:00Z,NA,600,NA,70.5,0.73,0.79,0.57,500000,NA,NA,NA,NA,NA,NA,NA,F35 Sordaria,MEA,none,NA,NA,NA,NA,NA,NA,NA,3,0.738,0.738,0.738
94,36,7,2025-08-05T00:00:00Z,20.92,NA,NA,NA,2025-08-04T00:00:00Z,NA,600,NA,70.5,0.73,0.79,0.57,500000,NA,NA,NA,NA,NA,NA,NA,F35 Sordaria,MEA,none,NA,NA,NA,NA,NA,NA,NA,3,0.738,0.738,0.738
95,36,7,2025-08-05T00:00:00Z,22.69,NA,NA,NA,2025-08-04T00:00:00Z,NA,600,NA,70.5,0.73,0.79,0.57,500000,NA,NA,NA,NA,NA,NA,NA,F35 Sordaria,MEA,none,NA,NA,NA,NA,NA,NA,NA,3,0.742,0.742,0.742
96,37,7,2025-08-05T00:00:00Z,22.8,NA,NA,NA,2025-08-04T00:00:00Z,NA,600,NA,70.5,0.73,0.79,0.57,500000,NA,NA,NA,NA,NA,NA,NA,Panaeolous,MEA,none,NA,NA,NA,NA,NA,NA,NA,3,0.73,0.73,0.73
97,38,7,2025-08-05T00:00:00Z,19.1,NA,NA,NA,2025-08-04T00:00:00Z,NA,600,NA,70.5,0.73,0.79,0.57,500000,NA,NA,NA,NA,NA,NA,NA,F39 Thermo tolerant,MEA,none,NA,NA,NA,NA,NA,NA,NA,3,0.69,0.69,0.69
